NAME,state_abbrev,name_simp,y2018_median_age_male,y2018_median_age_female,y2018_population,y2018_white_alone,y2018_black_alone,y2018_f_born,y2018_num_vehicles_avail,y2018_total_hh,y2018_married_hh,y2018_male_bachelors,y2018_female_bachelors,y2018_poverty,y2018_median_income,y2018_hours_worked_past_year,y2018_houses_for_sale,y2018_median_value,y2018_speaks_only_english,name_classic,countryRegion,latitude,longitude,state,division,region,y2013_median_age_male,y2013_median_age_female,y2013_population,y2013_white_alone,y2013_black_alone,y2013_f_born,y2013_num_vehicles_avail,y2013_total_hh,y2013_married_hh,y2013_male_bachelors,y2013_female_bachelors,y2013_poverty,y2013_median_income,y2013_hours_worked_past_year,y2013_houses_for_sale,y2013_median_value,y2013_speaks_only_english,y2014_median_age_male,y2014_median_age_female,y2014_population,y2014_white_alone,y2014_black_alone,y2014_f_born,y2014_num_vehicles_avail,y2014_total_hh,y2014_married_hh,y2014_male_bachelors,y2014_female_bachelors,y2014_poverty,y2014_median_income,y2014_hours_worked_past_year,y2014_houses_for_sale,y2014_median_value,y2014_speaks_only_english,y2015_median_age_male,y2015_median_age_female,y2015_population,y2015_white_alone,y2015_black_alone,y2015_f_born,y2015_num_vehicles_avail,y2015_total_hh,y2015_married_hh,y2015_male_bachelors,y2015_female_bachelors,y2015_poverty,y2015_median_income,y2015_hours_worked_past_year,y2015_houses_for_sale,y2015_median_value,y2015_speaks_only_english,y2016_median_age_male,y2016_median_age_female,y2016_population,y2016_white_alone,y2016_black_alone,y2016_f_born,y2016_num_vehicles_avail,y2016_total_hh,y2016_married_hh,y2016_male_bachelors,y2016_female_bachelors,y2016_poverty,y2016_median_income,y2016_hours_worked_past_year,y2016_houses_for_sale,y2016_median_value,y2016_speaks_only_english,y2017_median_age_male,y2017_median_age_female,y2017_population,y2017_white_alone,y2017_black_alone,y2017_f_born,y2017_num_vehicles_avail,y2017_total_hh,y2017_married_hh,y2017_male_bachelors,y2017_female_bachelors,y2017_poverty,y2017_median_income,y2017_hours_worked_past_year,y2017_houses_for_sale,y2017_median_value,y2017_speaks_only_english
"New York-Newark-Jersey City, NY-NJ-PA Metro Area",NY,New York,36.9,40,19990592,11643206,3416157,5761610,5068515,7196383,3343799,1505124,1666944,2626628,35423,211092523,62525,426100,11493884,"New York, NY",NY,40.71427,-74.00597,New York,Mid-Atlantic,Northeast,36.1,39.3,19716880,11833135,3392991,5564308,4881095,7078765,3263214,1366484,1505905,2697426,31762,207756857,69206,406700,11432279,36.2,39.4,19865045,11797761,3412320,5655928,4914250,7105003,3268278,1400256,1540620,2781156,31955,207933064,66739,400000,11470072,36.3,39.4,19979950,11783565,3421133,5720645,4955095,7121206,3277431,1433392,1576543,2810103,31887,209448237,65765,398800,11502775,36.4,39.5,20031443,11761690,3427574,5749079,4993425,7138559,3288406,1457018,1606767,2794423,32308,210474466,62474,403300,11523368,36.6,39.7,20192042,11768269,3455984,5825572,5068020,7168027,3322667,1489280,1647580,2734765,33594,212524575,62390,413200,11586997
"Los Angeles-Long Beach-Anaheim, CA Metro Area",CA,Los Angeles,35.4,37.8,13262234,7137761,878719,4412258,4998675,4338482,2049978,951409,1018852,1949459,29620,141749937,21677,579500,5731197,"Los Angeles, CA",CA,34.05223,-118.24368,California,Pacific,West,34.1,36.6,12945252,7190204,883313,4400918,4555920,4225895,1985667,842260,892631,2110273,26010,135108700,30051,448000,5550071,34.4,36.8,13060534,7272008,883019,4420863,4622360,4244676,1988527,858741,918105,2197573,25999,135484575,28271,454200,5608003,34.7,37.2,13154457,7316316,882607,4436466,4723785,4272422,2005900,882147,941405,2195748,26101,137192083,25250,470300,5649488,35,37.4,13189366,7258206,882832,4425780,4814850,4298857,2023245,902473,966532,2149637,26651,138856311,22573,493900,5678395,35.2,37.6,13261538,7193319,882243,4433588,4924705,4320174,2039262,928138,993795,2066964,27683,140694013,21104,537000,5722795
"Chicago-Naperville-Elgin, IL-IN-WI Metro Area",IL,Chicago,36,38.5,9536428,6278469,1586538,1686996,3412875,3495713,1661213,701385,758554,1168518,32772,104990023,41434,231400,6342291,"Chicago, IL",IL,41.85003,-87.65005,Illinois,East North Central,Midwest,34.8,37.3,9488493,6314383,1625456,1669830,3284090,3429738,1650492,630496,698317,1285961,29904,101816018,55823,225000,6326029,35.1,37.5,9516448,6339010,1620641,1679627,3302215,3438560,1646724,643692,713170,1320369,30118,102011412,51791,217300,6340663,35.3,37.7,9534008,6340359,1613896,1693807,3336255,3448499,1648656,655232,719106,1314681,30321,102938728,49534,214400,6339941,35.5,38,9528396,6317574,1606204,1682220,3366825,3464942,1650560,669603,731556,1275936,30827,103584682,44191,216000,6350763,35.8,38.2,9549229,6303072,1599415,1689797,3393005,3481330,1657491,687103,746181,1225845,31675,104223178,42613,222600,6357761
"Dallas-Fort Worth-Arlington, TX Metro Area",TX,Dallas,33.9,35.6,7255028,5012939,1126696,1328417,3036695,2536055,1295468,504082,546738,903397,32634,84567112,18480,193100,4623822,"Dallas, TX",TX,32.78306,-96.80667,Texas,West South Central,South,32.9,34.8,6575833,4538248,980654,1141778,2665690,2333532,1186240,429138,454993,950430,29968,76026476,26156,150000,4267948,33.2,35,6703020,4658230,1005927,1170629,2722905,2370055,1198849,440932,468403,978720,30161,77157107,23111,151900,4342842,33.4,35.1,6833420,4765303,1032978,1206720,2793160,2407330,1218106,454648,484247,983938,30324,78834135,21456,156500,4412719,33.6,35.3,6957123,4850749,1063621,1238600,2862870,2451163,1242536,468686,502840,964093,30721,80441631,18359,163900,4475682,33.8,35.5,7104415,4930563,1093212,1285060,2949605,2494426,1269299,486648,525145,935976,31671,82361415,18662,174500,4554764
"Houston-The Woodlands-Sugar Land, TX Metro Area",TX,Houston,33.4,34.9,6779104,4426906,1169670,1583503,2709640,2310213,1181703,429673,466287,951877,31766,79052825,21651,179100,3827079,"Houston, TX",TX,29.76328,-95.36327,Texas,West South Central,South,32.5,34.2,6063540,3986513,1045873,1350399,2361465,2068518,1054336,358412,373489,975801,28584,70473171,25763,141400,3494650,32.7,34.4,6204141,4069616,1069601,1394516,2430520,2112447,1071289,371269,391250,995367,29144,72017656,23972,144000,3562562,32.9,34.6,6346653,4167710,1086282,1438555,2506195,2168642,1099504,385584,410526,993195,29770,74150490,21234,149300,3640550,33.1,34.7,6482592,4258148,1114979,1485232,2568245,2223829,1127329,399468,427890,980987,30263,75933486,20105,157400,3703272,33.3,34.8,6636208,4359111,1141697,1538097,2641510,2271561,1159994,416489,447614,969176,31048,77568251,20713,166500,3774069
"Washington-Arlington-Alexandria, DC-VA-MD-WV Metro Area",DC,Washington,35.9,37.8,6138382,3319114,1555778,1396380,2282900,2191338,1086743,505276,566881,485499,46233,72099552,16874,411500,4099600,"Washington, DC",IL,38.9072,-77.0369,District of Columbia,South Atlantic,South,35.2,37.1,5759330,3228757,1470979,1245847,2129725,2091301,1023000,451459,513163,462160,42575,68575590,20002,373100,3948419,35.2,37.2,5863608,3278431,1490421,1285767,2162510,2112551,1030339,462667,527741,483149,42627,69441206,18189,373300,4003118,35.3,37.3,5949403,3301039,1509842,1315848,2194285,2135657,1046714,476507,537416,486294,42428,70371770,16443,378400,4039021,35.5,37.5,6011752,3312627,1527439,1340598,2220330,2155967,1059531,484482,543870,496585,42735,70822684,16360,387400,4063944,35.8,37.6,6090196,3322625,1547874,1377353,2257485,2170034,1073498,497344,557620,495507,44334,71646330,16655,397900,4089210
"Miami-Fort Lauderdale-West Palm Beach, FL Metro Area",FL,Miami,39.3,42.4,6070944,4279818,1293936,2450422,2359560,2100355,925484,402932,452483,920733,26396,61756286,26317,259300,2661417,"Miami, FL",FL,25.77427,-80.19366,Florida,South Atlantic,South,38.5,41.4,5673185,4061742,1199613,2174308,2086665,2017496,889148,344363,378666,942937,23923,56251775,39858,194300,2617753,38.7,41.5,5775204,4135885,1229061,2233014,2138435,2030848,890136,354829,390967,982999,24020,56970718,34859,188700,2643458,38.9,41.8,5861000,4187164,1252870,2278836,2195210,2047042,895864,371695,407660,993226,24093,58147615,30334,197900,2656805,39.1,42,5926955,4211497,1269852,2334395,2246605,2065161,907022,382722,420271,978871,24698,59439251,27854,215700,2664199,39.2,42.2,6019790,4266292,1286415,2406913,2312025,2077708,913561,393739,437833,956644,25457,60834639,26260,236500,2665640
"Philadelphia-Camden-Wilmington, PA-NJ-DE-MD Metro Area",PA,Philadelphia,37,40.2,6069448,4065435,1273284,653086,2221750,2264041,1044420,432749,482252,748266,33643,63526768,24873,245000,4805707,"Philadelphia, PA",PA,39.95234,-75.16379,Pennsylvania,Mid-Atlantic,Northeast,36.5,39.7,5992766,4106566,1250223,586013,2125840,2226631,1035033,384870,427782,754528,30783,61919772,27696,240200,4782664,36.6,39.8,6015336,4098723,1256908,597654,2134460,2229039,1029900,393480,438557,772960,30853,61563083,26935,237600,4790475,36.7,39.9,6035680,4093540,1258405,609314,2154330,2230987,1029134,405044,447984,777956,30998,61958853,26656,236600,4802046,36.7,40,6047721,4080796,1266040,622091,2175430,2235205,1029843,416529,459032,774678,31347,62539566,25732,237700,4806478,36.9,40.1,6065644,4083283,1270826,638524,2198655,2253471,1036756,423529,468365,773077,32270,62974500,25393,240700,4816356
"Atlanta-Sandy Springs-Roswell, GA Metro Area",GA,Atlanta,35.1,37.3,5779463,3122337,1961791,792208,2272700,2065239,995236,424080,475532,741832,31834,63276983,23884,199200,4442870,"Atlanta, GA",GA,33.749,-84.38798,Georgia,South Atlantic,South,34,36.3,5379176,3027755,1753777,720983,2013310,1917581,930976,375845,408025,809682,28901,57946685,44967,170400,4128247,34.3,36.5,5455053,3057896,1794205,727285,2041825,1936823,933516,384184,418990,840560,28753,58120120,40092,167400,4190306,34.5,36.7,5535837,3086318,1831421,743005,2097660,1964316,945617,394170,430805,847748,29020,59187800,35125,168100,4249669,34.7,37,5612777,3095400,1878072,753516,2152735,1994730,959251,401879,445005,820456,29991,60417165,28591,173300,4312211,34.9,37.1,5700990,3112830,1920782,777519,2213325,2029045,977583,411662,457754,780843,30824,61956489,25523,184200,4377933
"Boston-Cambridge-Newton, MA-NH Metro Area",MA,Boston,37.2,40.1,4811732,3679379,392241,894766,1775065,1819113,874785,413833,447846,456919,39019,55509848,10181,414700,3430768,"Boston, MA",MA,42.35843,-71.05977,Massachusetts,New England,Northeast,37.2,39.9,4604278,3621435,349347,771081,1680900,1755666,837128,367096,396217,455629,33981,52299294,12795,362400,3354909,37.2,40,4650876,3633194,357691,794041,1697985,1764845,841099,376794,405612,467910,34481,52646982,11902,363600,3373718,37.2,40,4694565,3645403,367750,813764,1718930,1776440,848964,385459,414081,472350,34711,53309204,10665,368900,3391107,37.2,40.1,4728844,3655168,376601,835760,1741225,1784448,852969,393583,426254,467242,35773,53915311,10347,379200,3407763,37.3,40.1,4771936,3674413,384527,866821,1761025,1804136,869355,404410,439657,462142,37070,54801929,10060,393500,3419600
"Phoenix-Mesa-Scottsdale, AZ Metro Area",AZ,Phoenix,35.3,37.6,4673634,3638425,251472,671507,1728910,1658053,796204,297615,308646,674355,30979,48522436,20933,234300,3217778,"Phoenix, AZ",AZ,33.44838,-112.07404,Arizona,Mountain,West,34.1,36.2,4268289,3435840,217157,616262,1499715,1535460,742639,255757,253026,694478,28299,43420498,35802,170700,2935811,34.4,36.5,4337542,3472199,221763,625736,1528795,1550372,742483,261405,259956,728145,28329,43676281,33367,170200,2992167,34.7,36.9,4407915,3507041,227743,634777,1573250,1570117,747684,268887,270154,736728,28436,44578018,28487,179100,3041486,35,37.2,4486153,3531990,234287,641471,1619925,1596641,762291,277521,282527,727943,28974,45692204,24720,196400,3099740,35.1,37.4,4561038,3567763,240636,653360,1666650,1623046,779674,286260,293568,703226,30157,46924419,23090,216600,3147906
"San Francisco-Oakland-Hayward, CA Metro Area",CA,San Francisco,37.9,39.9,4673221,2330954,343428,1429826,1455710,1692047,831295,464821,501430,439134,42757,53727308,6521,781200,2591568,"San Francisco, CA",CA,37.77493,-122.41942,California,Pacific,West,37.5,39.4,4402729,2410642,357664,1310804,1379155,1627123,762058,394892,438078,482006,36060,48544835,12926,579300,2468996,37.6,39.5,4466251,2409759,355847,1336045,1390265,1642466,774385,405564,448020,497279,36338,49257169,10178,592000,2503141,37.7,39.6,4528894,2398188,355068,1360620,1408615,1660221,788246,418609,459787,502274,36790,50488436,8027,617000,2535847,37.7,39.7,4577530,2384574,349339,1384161,1424760,1674040,804663,433541,471811,483627,38639,51640205,7458,661300,2553419,37.9,39.8,4641820,2363171,346781,1413878,1445270,1684081,817395,448136,487359,464416,40590,52898907,6700,716500,2581349
"Riverside-San Bernardino-Ontario, CA Metro Area",CA,Riverside,33.2,35.3,4518699,2755181,331949,964434,1564335,1348982,715258,187217,200064,704804,26690,43898396,16167,320400,2478512,"Riverside, CA",OH,33.9806,-117.3755,California,Pacific,West,31.9,34,4285443,2769756,318253,920860,1361805,1287023,686994,160325,171532,730791,24508,40165402,25568,227300,2362306,32.2,34.2,4345485,2786762,321617,941363,1390155,1297992,688663,163496,176923,765774,24498,40490647,22212,231800,2398724,32.4,34.5,4392801,2786752,323063,951508,1428310,1313557,691328,168990,180404,777751,24393,41106427,19565,245900,2421480,32.7,34.8,4430646,2776876,325758,957455,1466425,1324638,697846,175470,184935,768884,24884,41801986,17307,267500,2441100,33,35.1,4476222,2763173,327634,956427,1512370,1335366,706551,181851,191989,737025,25651,42896923,16352,293800,2472678
"Detroit-Warren-Dearborn, MI Metro Area",MI,Detroit,38.4,41.4,4317179,3001586,961060,422628,1725945,1690744,763288,263142,282047,645414,30418,44835796,19837,160600,3521585,"Detroit, MI",MI,42.33143,-83.04575,Michigan,East North Central,Midwest,38,40.6,4295700,3019858,971840,379510,1579720,1654891,764160,238370,255401,710286,26678,41734300,28330,124400,3541396,38.3,40.8,4292647,3012559,967425,383033,1605345,1656829,758099,241644,259920,716941,26934,42075508,25685,122800,3537865,38.3,41,4296416,3010754,965338,392502,1639950,1662948,757919,245991,265028,713256,27097,42875943,24597,127500,3530373,38.3,41.2,4296731,3002377,962627,400216,1672510,1672081,757837,250838,269535,689985,27825,43616392,21983,137200,3524356,38.4,41.4,4304613,3000249,960838,413469,1700855,1682662,763493,256690,275087,666348,29346,44212001,20257,149900,3522277
"Seattle-Tacoma-Bellevue, WA Metro Area",WA,Seattle,36.2,37.9,3809717,2636919,216114,695017,1415640,1473063,730844,343372,351569,360506,40164,45875301,9971,397000,2751203,"Seattle, WA",WA,47.60621,-122.33207,Washington,Pacific,West,36,37.8,3504628,2560031,194621,591405,1285265,1371951,665528,288249,293625,394687,34286,41257811,15706,321500,2560780,36.1,37.9,3557037,2579177,198650,608584,1302635,1381607,668831,295769,300483,408050,34590,41655132,14614,315700,2589723,36.1,37.9,3614361,2595362,201348,623751,1330055,1398003,680853,305756,312748,403263,35167,42500399,12947,321400,2629430,36.3,37.9,3671095,2608784,204089,641151,1355465,1417727,692692,316904,326914,392574,36183,43460149,11705,338600,2670460,36.3,38,3735216,2622692,208555,665983,1385205,1448393,713680,330290,340582,380955,37726,44678509,11103,365400,2712387
"Minneapolis-St. Paul-Bloomington, MN-WI Metro Area",MN,Minneapolis,36.1,37.8,3557528,2818515,294958,376523,1549660,1366959,693081,310383,335416,314597,37770,41885058,8004,242800,2846603,"Minneapolis, MN",MN,44.97997,-93.26384,Minnesota,West North Central,Midwest,35.4,37.3,3391191,2767821,246991,323423,1434840,1314563,665210,278471,297147,352577,33428,39224715,13878,216500,2742126,35.5,37.4,3424786,2779295,255030,331886,1456590,1323355,667084,286388,305303,356449,34027,39605059,12175,212600,2764135,35.7,37.5,3458790,2790735,262209,343504,1482755,1334395,673350,290705,314059,350960,34296,40271120,11106,213900,2788573,35.8,37.6,3488436,2800357,270924,349066,1506225,1343140,679262,296251,321209,337767,35248,40945851,10135,220700,2810476,36,37.7,3526149,2807369,283177,366271,1531195,1355503,687844,301785,327668,324331,36297,41537311,9620,230700,2833456
"San Diego-Carlsbad, CA Metro Area",CA,San Diego,34.3,37,3302833,2335447,166412,774365,1286140,1118980,561609,254474,267051,403190,32447,38001660,6342,526300,1926965,"San Diego, CA",CA,32.71533,-117.15726,California,Pacific,West,33.4,36.3,3138265,2241045,158843,733577,1155955,1076483,531598,217252,222389,441648,29851,34948283,11423,402100,1835381,33.5,36.4,3183143,2259494,160316,743480,1178525,1083811,536854,223773,231371,455855,29848,35337521,9849,412800,1864943,33.7,36.5,3223096,2283618,163276,758527,1207325,1094157,542897,231854,238485,454876,29853,35974838,8737,429600,1884627,33.9,36.7,3253356,2310046,163928,765533,1230105,1103128,550153,239809,247217,444024,30432,36620548,7720,454600,1899704,34.1,36.8,3283665,2325434,164571,774362,1259835,1111739,556665,248215,257268,427031,31403,37410096,6500,484900,1913789
"Tampa-St. Petersburg-Clearwater, FL Metro Area",FL,Tampa,40.6,43.4,3030047,2363816,365400,410854,1143365,1196966,531522,199391,216117,424322,28041,29820698,18850,175600,2273849,"Tampa, FL",FL,27.94752,-82.45843,Florida,South Atlantic,South,40.3,42.8,2819241,2252942,337679,353095,1032195,1125965,505303,166614,177020,426027,25528,27131120,24417,146500,2156533,40.4,42.9,2851235,2262560,340888,362154,1047645,1134997,503186,172401,183243,440551,25717,27250580,23288,141900,2167142,40.5,43.1,2888458,2278794,346574,371090,1069395,1145501,506900,177436,187406,442846,25891,27837525,20822,144600,2189374,40.7,43.3,2927714,2305452,350019,378191,1091050,1161839,513191,184650,197209,436569,26282,28422068,19833,152600,2213234,40.7,43.3,2978209,2335632,357666,393108,1121690,1180768,524462,191077,205559,427922,26981,29144369,19273,162600,2244197
"Denver-Aurora-Lakewood, CO Metro Area",CO,Denver,35.7,37.2,2850221,2319051,161354,349691,1207240,1094028,528385,263308,269657,265989,37774,35300952,5236,350500,2137108,"Denver, CO",CO,39.73915,-104.9847,Colorado,Mountain,West,35.1,36.7,2601465,2116997,144113,311594,1044455,1011588,484309,220581,221128,315496,32477,31238706,11605,247800,1943680,35.2,36.8,2651392,2161498,146943,323181,1073660,1025246,489286,227309,228718,314917,33082,31809358,9459,253100,1976912,35.3,36.9,2703972,2213140,150830,330595,1110725,1042103,498919,236246,238117,308662,33578,32686010,7500,267000,2019477,35.5,37,2752056,2252942,155202,337083,1138350,1058467,509606,243909,247412,296808,34732,33425639,5901,287400,2056147,35.6,37.1,2798684,2285334,156781,343760,1170050,1075807,518961,253629,258445,282634,36132,34396752,5391,317100,2095069
"St. Louis, MO-IL Metro Area",MO,St. Louis,37.7,40.6,2805551,2130570,513025,132487,1176675,1118263,526409,185208,203976,327664,31786,29476446,15065,167700,2467991,"St. Louis, MO",MO,38.62727,-90.19789,Missouri,West North Central,Midwest,36.8,39.7,2792127,2140284,511901,123851,1135390,1104400,526464,172603,185211,359310,28370,29154847,18558,158100,2450641,36.9,40,2797737,2141554,513068,125211,1140290,1104257,524853,175876,190081,361731,28809,29046290,18523,156900,2460774,37.1,40.1,2801914,2141108,511454,125122,1150005,1104672,522631,177471,194174,359766,29137,29166355,16686,157100,2467354,37.2,40.3,2803449,2138884,512913,125686,1157205,1107468,522168,180202,199415,349626,30001,29251966,15502,159500,2470132,37.4,40.5,2804998,2135251,513403,128268,1168595,1112971,524924,183417,203033,335430,30941,29369380,15043,162600,2470665
"Baltimore-Columbia-Towson, MD Metro Area",MD,Baltimore,36.8,39.9,2793250,1690281,814166,289080,1119070,1043798,483970,201064,224156,283441,38144,29757135,13722,292500,2295952,"Baltimore, MD",MD,39.29038,-76.61219,Maryland,South Atlantic,South,36.6,39.6,2734044,1699345,784998,252752,1080255,1029322,474764,178571,198004,290299,34644,29391197,14405,281400,2271067,36.6,39.6,2753396,1702288,793749,259051,1088130,1032863,474138,182474,202753,295371,34982,29402993,14015,277600,2287425,36.6,39.6,2769818,1705650,799814,267112,1096035,1036312,475103,187426,207998,297097,35098,29542019,13863,277500,2296469,36.7,39.6,2780873,1705027,806346,275704,1107595,1040674,477932,191573,214084,292651,35844,29664240,13553,280500,2297711,36.8,39.8,2792050,1699296,812786,283951,1116545,1040704,480493,196386,219167,287224,36739,29782744,13168,285700,2300518
"Charlotte-Concord-Gastonia, NC-SC Metro Area",NC,Charlotte,36.2,38.4,2473125,1669633,554467,244708,1018360,925313,459052,183279,203028,309454,30846,27673647,8597,187700,1996523,"Charlotte, NC",NC,35.22709,-80.84313,North Carolina,South Atlantic,South,35.4,37.5,2261321,1577040,496721,207619,875220,848632,421836,150974,164176,336620,26954,24411208,13828,164800,1841836,35.5,37.8,2298915,1591506,506743,211636,895475,857926,423563,157326,170259,345884,27062,24752952,12986,164900,1869793,35.7,38,2338792,1609650,518153,221569,925655,871519,429472,162797,178252,343743,27344,25413761,11556,166000,1899010,36,38.1,2381152,1628022,529487,229711,955315,885916,437337,169160,184669,330068,28406,26165598,10375,170400,1931447,36.1,38.3,2427024,1647912,542050,238515,988740,906355,447897,176685,194743,320956,29867,26888270,9460,177000,1964748
"Orlando-Kissimmee-Sanford, FL Metro Area",FL,Orlando,35.8,38.3,2450261,1720668,404516,439735,981680,855265,410929,161004,185609,354691,26960,25501388,13883,201600,1558502,"Orlando, FL",FL,28.53834,-81.37924,Florida,South Atlantic,South,35.1,37.7,2183363,1574283,350380,354759,848670,770982,372518,131154,141245,333249,24376,22293251,17097,161800,1446082,35.3,37.8,2226835,1600874,361047,364012,866445,779612,375083,133938,147859,353087,24325,22526067,14987,156100,1467426,35.4,38,2277816,1627159,370772,379528,892930,798168,380704,139590,155122,365769,24455,23082598,13415,157900,1486596,35.6,38.1,2328508,1657932,380326,393188,918930,816428,387473,145704,163907,367715,25209,23782006,13451,166300,1515522,35.7,38.2,2390859,1686516,391471,414443,949235,837022,400910,155252,174472,360644,25988,24667328,13788,180100,1538802
"San Antonio-New Braunfels, TX Metro Area",TX,San Antonio,33.3,35.8,2426204,1962380,164197,287263,940510,803662,390103,127612,148963,355670,27842,26049457,7566,161400,1433683,"San Antonio, TX",NA,29.4241,-98.4936,Texas,West South Central,South,32.8,35.6,2192724,1713746,141537,258105,831500,759762,374432,111879,121399,353321,25235,23662737,9546,131100,1254369,32.9,35.6,2239222,1770074,145284,265693,851380,771789,376549,115122,126705,363302,25496,24162005,8768,134600,1294524,32.9,35.7,2286702,1822750,151999,267511,873390,779381,378103,118241,132702,361017,25492,24687150,8483,138400,1333745,33.1,35.7,2332345,1868183,156555,275148,896605,786156,380133,121089,137462,364067,26068,25175862,7655,144000,1366602,33.2,35.8,2377507,1917756,159667,278724,918710,795519,387653,125547,143203,355631,26892,25615315,7382,152400,1401825
"Portland-Vancouver-Hillsboro, OR-WA Metro Area",OR,Portland,37.2,38.7,2417931,1964482,67913,305485,900305,925631,459710,201005,210396,272393,33675,27508740,6111,342900,1862068,"Portland, OR",ME,45.5051,-122.675,Oregon,Pacific,West,36.2,37.9,2260591,1857416,64958,281081,798890,870751,426091,164603,171899,303062,29075,24900461,10277,267500,1747548,36.5,38.1,2288796,1875968,65027,285904,808690,878078,428227,168748,177295,313670,29261,25059954,9130,264200,1766330,36.7,38.3,2320323,1901910,65734,290580,828460,886763,432966,175513,185095,311582,29663,25655742,7515,270700,1789166,36.8,38.4,2351319,1926303,66051,293891,849765,896514,440341,183126,192274,297764,30634,26265958,6986,286800,1811819,37,38.5,2382037,1944930,67881,300477,874330,912368,450478,192490,200400,288085,31882,26893138,6340,312500,1834719
"Pittsburgh, PA Metro Area",PA,Pittsburgh,41.1,44.9,2339941,2029398,190257,88707,918225,1003283,466671,174396,177715,261619,30823,25624448,11974,148000,2105031,"Pittsburgh, PA",PA,40.44062,-79.99589,Pennsylvania,Mid-Atlantic,Northeast,40.8,44.4,2358746,2068540,193351,78388,896590,989179,465674,153755,156578,281535,26436,25470754,12273,124800,2125469,40.9,44.5,2358793,2063285,193323,81362,903540,989655,462829,158050,161952,282867,27054,25487132,11775,128100,2125456,41,44.6,2358926,2058798,193454,85263,911510,991522,463906,161039,165084,283939,27350,25636271,11731,132500,2123812,41,44.8,2354926,2051961,192647,87078,916225,992104,463255,167218,169943,275615,28339,25642997,11733,136700,2120174,41.1,44.8,2348143,2041125,191188,88293,919055,1000493,466539,171401,175320,271294,29798,25641062,11827,142100,2113236
"Sacramento--Roseville--Arden-Arcade, CA Metro Area",CA,Sacramento,35.9,38.5,2291738,1499409,162589,423251,825585,819372,402635,157957,169905,323395,31952,22235156,6231,365900,1542033,"Sacramento, CA",CA,38.58157,-121.4944,California,Pacific,West,34.9,37.6,2174401,1453347,155784,383275,737340,788184,380494,135601,147132,332548,28414,20773097,9709,272200,1478366,35.1,37.8,2197422,1462571,157983,389353,745690,791744,381297,137732,149431,347879,28384,20667253,8957,275100,1493063,35.3,38,2221525,1474715,158337,401062,760825,797135,383857,143304,153063,353197,28428,21008471,7965,286500,1504573,35.6,38.3,2242542,1484732,158882,405725,780840,804137,388765,149150,156512,349546,29793,21352312,6755,309900,1516408,35.7,38.4,2268005,1492512,160271,415868,802845,811543,396568,153522,162313,334358,30791,21864920,6504,339500,1530689
"Cincinnati, OH-KY-IN Metro Area",OH,Cincinnati,36.4,39.1,2168825,1771834,265271,102035,904005,845473,403503,146297,151879,270070,31512,23500427,6881,163100,1902454,"Cincinnati, OH",OH,39.162,-84.45689,Ohio,East North Central,Midwest,35.9,38.6,2122940,1763045,257266,88304,857135,813297,399300,131480,132957,288543,27807,22681304,13078,153400,1864957,36,38.7,2131793,1764996,260207,89284,864810,817460,398287,133872,137465,294434,28120,22702721,12046,152600,1873628,36.2,38.8,2139466,1767230,260912,91272,872475,822679,397697,136465,141944,295263,28399,22876424,10822,153400,1881934,36.3,39,2146410,1767461,262757,92479,881440,830512,399372,140200,144482,289442,29402,23075731,9778,156100,1889976,36.4,39.1,2156723,1770349,263446,98118,893225,838070,403145,144211,148211,278821,30553,23291825,8410,158800,1894618
"San Juan-Carolina-Caguas, PR Metro Area",PR,San Juan,38.8,42.5,2142392,1466521,278165,81538,582155,767520,289511,107524,177671,860144,14373,13917097,18236,125300,113605,"San Juan, PR",NA,18.4655,-66.1057,NA,NA,NA,35.5,39.2,2324828,1529254,224950,91885,597295,785798,316821,106233,171571,945160,13633,15509447,16819,136000,113561,36,39.8,2297987,1525667,227216,90313,591885,792764,314969,106674,173275,940384,13806,15195045,18837,135700,116355,36.5,40.4,2263582,1534781,233111,87752,585645,794242,310525,107439,175561,933394,13699,14722253,19618,134100,118738,37.2,41,2230563,1538626,244943,84812,586315,790515,305212,107643,178847,908633,13832,14509598,19037,132400,121299,37.9,41.7,2193264,1523290,258112,82947,582410,779035,299079,107022,178616,885783,13974,14141524,19112,128300,120674
"Las Vegas-Henderson-Paradise, NV Metro Area",NV,Las Vegas,36.5,37.8,2141574,1299138,245827,475317,823190,767954,330594,112122,117877,299169,30094,22351249,9531,238300,1318048,"Las Vegas, NV",NV,36.17497,-115.13722,Nevada,Mountain,West,35.3,36.4,1976925,1316033,209072,431587,741935,710058,316478,96574,96983,295724,27970,20849247,15247,165000,1225978,35.6,36.8,2003613,1300909,214491,436457,745325,715415,315228,98207,99061,311679,27440,20657586,12932,163100,1239553,35.9,37,2035572,1297687,220592,445605,760770,724446,317402,101869,103136,315358,27314,20926463,10946,170400,1255205,36.1,37.3,2070153,1297573,228502,455832,783595,735475,320381,104472,107663,307146,27724,21369594,9249,186700,1271156,36.3,37.5,2112436,1301043,237543,470645,808175,749858,328365,108679,113372,304449,28788,21938732,9598,212300,1295036
"Kansas City, MO-KS Metro Area",MO,Kansas City,36.1,38.5,2106632,1651435,261797,141234,917785,821644,399060,157813,168962,227093,33231,23685420,6938,173500,1770211,"Kansas City, MO",KS,39.11417,-94.62746,Missouri,West North Central,Midwest,35.5,37.9,2025297,1606492,253688,128394,854520,789604,386050,138740,146869,248170,30185,22467637,10859,158300,1703622,35.6,38,2040869,1614229,256006,131230,861340,792793,385998,141255,150561,253896,30253,22481508,10218,158300,1717427,35.7,38.1,2055675,1622391,256899,132761,871575,800071,387067,144801,155685,255005,30539,22731799,8410,159500,1730559,35.9,38.2,2070147,1631543,258859,132094,887250,806553,389960,149023,159868,248117,31093,22964632,7508,162400,1744963,36,38.4,2088830,1641064,260124,138274,903145,815314,395615,153550,164274,236090,32003,23362962,7607,166800,1756915
"Cleveland-Elyria, OH Metro Area",OH,Cleveland,39.5,43,2061766,1515518,410565,119597,829520,857453,362167,128470,139419,298473,29857,21130379,9364,146800,1749635,"Cleveland, OH",TN,41.4993,-81.6944,Ohio,East North Central,Midwest,39.3,42.2,2070965,1544163,414087,118205,804655,845349,369167,120168,128319,312077,26449,20737106,12576,141900,1759863,39.4,42.4,2067490,1537690,412549,118348,809860,846647,365750,120994,130504,314021,26694,20735663,11629,139800,1758390,39.4,42.6,2064483,1532711,412610,118026,813935,847608,364082,122060,132620,313983,26850,20858623,11032,138900,1755578,39.4,42.7,2061630,1525780,412837,116355,817190,848772,363019,123312,134974,306058,27410,20978117,10964,140200,1755116,39.4,42.9,2062764,1522054,410657,118540,824495,853766,363331,125352,137625,301419,28550,21114322,10194,142400,1753859
"Austin-Round Rock, TX Metro Area",TX,Austin,33.9,35,2058351,1578653,150694,308123,866515,742689,355825,190414,196964,234467,36256,25821462,5939,261400,1380593,"Austin, TX",TX,30.26715,-97.74306,Texas,West South Central,South,32.5,33.6,1782032,1374164,130701,260028,718205,660308,310264,148852,155305,257567,30932,21774739,7320,192000,1195833,32.7,33.8,1835016,1436424,133978,269646,740835,673901,314734,154222,162448,268293,31116,22349770,6935,196500,1231237,33.1,34.2,1889094,1482722,138633,278770,772410,689278,324941,163301,170356,261850,31592,23203555,6619,208700,1265247,33.3,34.5,1942615,1528195,142102,284151,804790,706066,332699,170756,177724,252295,32378,24111590,6132,223500,1303276,33.6,34.8,2000590,1554967,145243,298065,837805,724566,344937,180232,187403,240893,34654,25006802,5701,240500,1340715
"Columbus, OH Metro Area",OH,Columbus,34.9,36.8,2054062,1559532,314150,163262,876870,784786,364301,154468,161706,273069,31889,23039643,6079,173500,1725930,"Columbus, OH",GA,39.9612,-82.9988,Ohio,East North Central,Midwest,34.4,36.5,1926242,1510163,277105,131684,794555,741026,347806,132588,137023,284985,28865,21175533,10865,158100,1631929,34.6,36.6,1948188,1519779,281911,136128,807660,748544,350122,134866,138932,286351,29205,21440030,9366,158000,1650638,34.7,36.7,1972375,1530877,287592,140655,824235,756520,352036,138530,145797,283009,29535,21823634,8537,159100,1670251,34.8,36.7,1995004,1539809,296212,144820,840555,764973,355019,143973,151693,280187,30189,22226842,7380,161700,1686046,34.9,36.8,2023695,1550627,305414,150986,860810,775065,360464,148768,156021,275979,31001,22608840,7293,166600,1706409
"Indianapolis-Carmel-Anderson, IN Metro Area",IN,Indianapolis,35.4,37.5,2007497,1546964,302561,137197,857620,767335,358777,140118,151679,259224,31396,21900359,8047,155000,1694705,"Indianapolis, IN",IN,39.76838,-86.15804,Indiana,East North Central,Midwest,34.8,37.1,1911795,1492014,278279,117885,779055,728202,350098,122149,126696,268875,28051,20578201,10811,140200,1619820,35,37.1,1931182,1503587,282243,119849,790755,734934,350378,123592,130335,276528,28192,20641384,10878,139900,1637260,35.1,37.2,1950674,1515706,288032,119700,809450,741817,350626,127311,134962,274736,28449,20896460,9972,141800,1654108,35.2,37.2,1968768,1522971,293037,125803,827020,749799,352247,130203,140384,273058,29294,21227832,9459,144700,1666815,35.3,37.3,1989032,1538077,296651,132510,843150,759549,356136,134284,147149,267560,30395,21585742,8536,148500,1682351
"San Jose-Sunnyvale-Santa Clara, CA Metro Area",CA,San Jose,35.9,38.1,1981616,914311,48498,756708,785530,653265,372591,179409,187438,155309,43829,23422640,1663,898300,888541,"San Jose, CA",CA,37.33939,-121.89496,California,Pacific,West,35.5,37.2,1868323,947104,48603,682834,705545,626372,350012,152402,166785,188015,37476,21254370,3822,636900,855858,35.7,37.5,1898457,955469,49234,700049,724350,631835,354967,158628,170522,187017,37769,21591022,3493,654800,864497,35.9,37.7,1925706,951058,48759,715783,742390,638661,360149,162215,173488,181892,38311,22062080,2456,688500,873527,35.8,37.8,1943107,932437,48443,728952,754470,643969,364645,168825,178653,178437,40096,22494271,1882,740400,878215,35.9,38,1969897,917766,48756,750104,770735,647891,367887,173260,183498,168195,41405,23042602,1645,815000,884526
"Nashville-Davidson--Murfreesboro--Franklin, TN Metro Area",TN,Nashville,35.5,37.2,1864138,1451352,283486,149564,804390,704111,351983,134829,148173,226647,31365,21505599,5264,217500,1553038,"Nashville, TN",TN,36.16589,-86.78444,Tennessee,East South Central,South,35.1,37,1702603,1329117,259834,123973,695500,645758,318511,110763,116769,237066,27249,19094829,9941,171800,1431484,35.2,37.1,1730515,1345636,264401,128489,710755,654063,322078,114483,121258,243313,27348,19328795,8671,171700,1452990,35.3,37.1,1761848,1370259,268926,134423,737175,664881,328963,119296,128562,238387,28070,19859459,7329,174700,1476903,35.3,37.2,1794570,1399093,273285,136408,758825,677129,334864,122928,133552,236567,29079,20302882,6568,183400,1504896,35.4,37.2,1830410,1428705,278089,143603,782360,691266,344336,129998,140920,230237,30362,20901580,5586,197000,1529694
"Virginia Beach-Norfolk-Newport News, VA-NC Metro Area",VA,Virginia Beach,34.1,37.8,1722001,1019194,526089,113392,729195,644632,305034,99289,121785,193120,31759,20033797,8434,242100,1465974,"Virginia Beach, VA",NA,36.8529,-75.978,Virginia,South Atlantic,South,33.3,37.3,1688238,1020899,523437,104291,701910,623647,298768,90601,107770,192772,29807,19734523,8606,240000,1442789,33.4,37.4,1697898,1022409,524445,107491,703300,626974,298786,91918,108928,199333,30015,19651124,8503,235900,1447711,33.5,37.4,1706878,1025278,525583,107516,713155,631299,298325,93672,112659,202677,29774,19708909,8332,233800,1454690,33.7,37.6,1714428,1026935,526114,109321,719125,636750,299172,95071,116588,202919,30229,19761456,7860,234200,1461421,33.9,37.7,1717708,1022949,525663,110516,725455,638027,301581,96651,119696,200607,30834,19902538,8129,236600,1462560
"Providence-Warwick, RI-MA Metro Area",RI,Providence,38.6,41.9,1615516,1327081,91894,216469,670235,627503,284028,102086,112812,195494,31293,17179805,6322,266700,1197164,"Providence, RI",RI,41.82399,-71.41283,Rhode Island,New England,Northeast,38.1,41.3,1601565,1343890,85972,203420,639780,620095,281255,95606,100727,203773,27346,16703075,6469,259500,1197950,38.2,41.4,1604317,1341259,86950,204506,643990,620570,279409,95788,101558,211778,27482,16661730,6596,253900,1200328,38.4,41.5,1606424,1336546,88688,208643,650995,622631,280058,97198,103550,212239,28044,16825969,6583,250700,1199721,38.6,41.7,1609359,1333522,89803,210736,655865,623173,279983,98300,106700,207499,28919,16896006,6434,251400,1199638,38.5,41.9,1613154,1330123,89671,215109,663100,627931,285021,100721,110349,201968,30270,17102350,6395,257300,1197486
"Milwaukee-Waukesha-West Allis, WI Metro Area",WI,Milwaukee,36.5,38.9,1575907,1148488,261568,114927,660280,629381,279897,111185,129363,215961,31876,16984108,4647,204700,1291598,"Milwaukee, WI",WI,43.0389,-87.90647,Wisconsin,East North Central,Midwest,35.7,38.4,1560621,1168692,258576,108399,625430,619220,278473,103327,116018,234033,28499,16628413,5032,198100,1278180,35.9,38.5,1565368,1166819,258877,108738,630015,622201,279437,105883,119582,237992,28843,16590881,5425,194700,1282633,36.1,38.6,1570006,1166909,260540,111229,638465,624146,279923,108789,122283,233399,29332,16750331,4941,193600,1284486,36.2,38.7,1571730,1160636,260776,111384,646445,626504,279623,109135,123729,230666,30125,16871470,5057,194400,1287985,36.3,38.8,1575101,1157452,261429,111923,653355,627823,280542,111311,126789,224014,30973,16931883,4946,197800,1293024
"Jacksonville, FL Metro Area",FL,Jacksonville,36.8,39.7,1475386,1027884,316574,134776,586715,553919,264264,98139,105523,193080,30497,15721125,7194,188700,1214038,"Jacksonville, FL",AR,30.3322,-81.6557,Florida,South Atlantic,South,36.3,38.8,1363610,964700,295052,109896,526165,510520,244646,82890,90345,195597,27417,14167417,10617,163600,1133038,36.4,39,1380995,976345,297789,112121,530270,516599,245089,84367,91905,203994,27419,14137260,9151,158300,1147604,36.4,39.2,1401600,988696,301288,117182,542370,522706,246244,87926,95833,205123,27414,14343234,7945,158100,1162940,36.5,39.4,1424097,1002166,304877,119718,556440,531225,250912,91851,99682,200091,28041,14772600,7208,163700,1181594,36.6,39.6,1447884,1013357,311616,127005,572355,542219,259111,94602,103175,197485,29767,15209263,7295,174000,1197666
"Oklahoma City, OK Metro Area",OK,Oklahoma City,33.9,36,1369759,1009382,140763,109711,570350,511536,244688,81940,91572,192773,29724,15246735,5368,151900,1104790,"Oklahoma City, OK",OK,35.46756,-97.51643,Oklahoma,West South Central,South,33.3,35.8,1277830,947786,129082,100692,524915,484591,233556,73191,78923,194930,26104,14344531,6936,130600,1037290,33.4,35.8,1297998,962807,131681,104740,532280,490013,236385,75492,81078,198577,26614,14518578,6488,133700,1050962,33.6,35.8,1318408,978411,132802,107999,544290,494884,236482,77079,82649,197042,26899,14774385,6248,137200,1064104,33.7,35.9,1337075,991052,135828,107756,554475,500437,238772,79324,85701,196058,27548,14957779,5822,141500,1079945,33.8,35.9,1353504,1000790,138362,108602,562700,505879,241731,81002,89132,192841,28676,15103376,5892,146800,1093502
"Memphis, TN-MS-AR Metro Area",TN,Memphis,34.5,37.7,1345991,629111,629900,70837,541420,498143,207652,67252,84215,245520,27360,13218487,5054,144300,1156122,"Memphis, TN",TN,35.14953,-90.04898,Tennessee,East South Central,South,33.7,36.6,1331931,644387,606872,67664,510700,486211,205614,64273,76298,250699,25249,12966181,8047,134300,1145657,33.8,36.8,1337014,642009,614468,67144,518130,489161,206308,66166,79252,254320,25452,13011829,6915,133700,1148560,34,37.1,1340336,639353,618891,68510,526300,492066,203952,66988,80768,254011,25484,13044212,6279,133300,1150077,34.1,37.3,1341339,633397,625113,67438,529060,495558,206377,66448,80944,254757,26050,13098893,5798,134900,1152160,34.4,37.5,1344058,631533,627245,69378,536385,495596,206406,66472,81620,249701,26721,13149663,5303,138200,1155190
"Raleigh, NC Metro Area",NC,Raleigh,35.5,37.4,1302632,880329,258844,156724,553155,482401,253090,118520,134033,134183,35563,14942348,3899,236200,1027838,"Raleigh, NC",NC,35.7721,-78.63861,North Carolina,South Atlantic,South,34.2,36.2,1162689,811525,234978,134994,477880,432699,225924,99134,111709,138492,31893,13146824,5948,205400,913742,34.5,36.4,1189579,827047,240035,139633,491740,440375,228151,100734,114486,142508,31923,13353460,5948,206600,935518,34.7,36.7,1216711,842151,245264,142315,504300,450125,233771,103068,119061,144376,31861,13693356,5505,210700,960817,35.1,37,1243720,854526,249748,146736,521435,460183,238738,109885,124269,141372,32512,14118535,4588,216600,984804,35.3,37.2,1273985,868609,253708,154123,538965,471659,246148,114054,128965,138085,34002,14518542,4309,224800,1005632
"Louisville/Jefferson County, KY-IN Metro Area",KY,Louisville,37.5,40.2,1285270,1028556,183864,70036,532690,501246,231156,72352,78752,164616,30173,13732713,5389,161800,1120414,"Louisville, KY",KY,38.25424,-85.75941,Kentucky,East South Central,South,37.1,39.7,1244880,1009130,173043,61776,498935,490090,229678,66304,68874,181513,26411,12944292,7816,147100,1088582,37.2,39.9,1253305,1013586,174174,63449,505855,491885,228179,67244,70691,181445,26659,12971726,7836,148000,1096449,37.3,40,1261936,1018206,175854,63662,513060,492904,226916,68140,73111,179682,26808,13168784,7368,148900,1104672,37.5,40.1,1269550,1023003,178387,64986,521255,497174,227783,70435,74690,174919,27485,13385625,6685,151800,1110447,37.5,40.2,1278203,1026770,181114,67043,527660,498979,229734,71096,76145,165781,29083,13569800,6008,155700,1117367
"Richmond, VA Metro Area",VA,Richmond,37.1,40.2,1281530,790088,380799,98661,540580,484791,224919,91543,108326,147220,33033,13753509,4064,228700,1083771,"Richmond, VA",IN,37.5407,-77.436,Virginia,South Atlantic,South,36.4,39.3,1221729,762861,367970,87632,496285,460627,217123,79001,90203,142088,30172,13019780,5628,219000,1038263,36.5,39.4,1234058,768071,371424,90640,504685,463593,217199,80346,93713,147359,30442,13048127,5288,214900,1046639,36.6,39.7,1246215,771833,373687,91777,516775,468648,216945,82472,95980,151091,30404,13225552,4635,213000,1056241,36.9,39.9,1258158,776370,376247,91617,526530,475648,219469,84706,98646,152906,30874,13421518,4514,214500,1067929,37.1,40.1,1270158,782567,378243,94065,532715,479256,222295,87971,103548,152262,31881,13606208,4029,220400,1077526
"New Orleans-Metairie, LA Metro Area",LA,New Orleans,36.8,39.1,1263635,726976,443225,95510,479785,480838,195030,76108,88842,217618,27873,12894118,5664,190000,1052535,"New Orleans, LA",LA,29.95465,-90.07507,Louisiana,West South Central,South,36,38.4,1209239,706845,418024,86328,456135,467269,193536,64521,75031,217705,25477,12975214,8348,174700,1005347,36.1,38.4,1226440,716227,425504,88260,461910,470837,192406,66092,77984,225241,25690,12989774,7485,173600,1019707,36.3,38.5,1239697,724022,431024,90503,470230,475118,191783,68600,80274,228494,25869,13021811,6668,176000,1031456,36.3,38.6,1250247,727378,436558,92436,473585,479206,193694,70759,83631,224391,26293,13071297,5928,179500,1041079,36.5,38.8,1260660,728761,441391,95745,478725,480817,195481,72737,85827,223136,27019,13064298,5383,184100,1047825
"Hartford-West Hartford-East Hartford, CT Metro Area",CT,Hartford,38.9,42.5,1209367,918028,135378,160392,511550,471188,222928,88538,95019,117362,37021,13007086,5367,246600,903248,"Hartford, CT",CT,41.76371,-72.68509,Connecticut,New England,Northeast,38.7,41.7,1213883,937276,130949,155700,500175,468342,224916,80873,85286,120104,33175,13102556,4747,249900,909697,38.8,41.8,1215159,937587,131833,155291,501340,469020,223638,82803,86903,125526,33437,13034126,4864,247200,910133,38.7,42,1214056,933924,133307,158432,503745,466946,224005,84531,89019,124417,33866,13026340,5420,245000,906773,38.7,42.2,1211826,929883,133213,157306,508445,468247,223412,86195,91549,121246,35056,13087587,5480,244000,905128,38.9,42.5,1213123,924335,135050,159687,509635,470348,224795,87017,93756,118227,35971,13060915,5675,244300,907383
"Salt Lake City, UT Metro Area",UT,Salt Lake City,32,33,1185990,946014,20883,145628,478710,389330,215166,78957,81215,112241,31725,13994934,2392,276200,870922,"Salt Lake City, UT",UT,40.76078,-111.89105,Utah,Mountain,West,30.7,31.6,1107434,942124,18038,128715,430010,362370,201217,65941,68667,136128,27316,12562436,4540,228700,818864,31,31.9,1123643,942595,17983,133639,437470,366510,203023,67775,69243,140949,27704,12773847,4366,227700,828227,31.3,32.2,1139851,944295,18472,136133,447070,370523,204942,71087,72745,135969,28200,13100052,3753,231000,840077,31.6,32.6,1154504,942742,18699,138143,456770,375127,207578,72742,74516,127037,29330,13441927,3152,239700,851504,31.8,32.9,1170057,944043,19419,139928,469635,382620,211738,76097,77609,118453,30681,13733486,3001,255100,863601
"Birmingham-Hoover, AL Metro Area",AL,Birmingham,37,40,1147054,755881,329444,44980,453465,440651,210224,68359,77610,170174,28243,11526271,5327,156900,1011743,"Birmingham, AL",AL,33.52066,-86.80249,Alabama,East South Central,South,36.4,39.2,1132182,759032,322163,46301,437225,435313,209896,64059,69424,179083,25468,11531910,8190,143400,996153,36.6,39.5,1135534,758214,323519,44661,439270,435724,208741,63647,69495,187575,25425,11402811,8396,144000,1000412,36.7,39.6,1138476,757389,325219,45191,442455,438124,210140,64603,71224,187065,25636,11452762,7205,146200,1003158,36.9,39.7,1141309,757609,326204,44783,448650,439027,209006,65968,73424,181343,26216,11471377,6787,149000,1005493,36.9,39.8,1144097,756098,327640,44925,452425,440261,208919,67513,75612,176349,27097,11502911,6142,152200,1008895
"Buffalo-Cheektowaga-Niagara Falls, NY Metro Area",NY,Buffalo,39,42.7,1131570,902179,138620,73678,462090,476058,201630,70114,71199,157870,30535,11447464,5378,141500,970593,"Buffalo, NY",MN,42.8864,-78.8784,New York,Mid-Atlantic,Northeast,39.1,42.3,1134695,922982,136622,66907,447240,468528,201567,63210,63368,159064,26623,11380047,5174,120700,977969,39.1,42.5,1135667,918367,137038,67873,450925,470035,200567,64166,64348,160268,26959,11381591,5203,122600,979718,39,42.6,1135734,913210,138481,69909,455970,470653,200188,65194,65181,163531,27262,11445462,4989,125000,978274,38.9,42.6,1135503,910187,138633,69806,458390,470460,199688,67195,66897,160595,28122,11478336,5017,129800,978206,38.8,42.7,1136670,907751,139418,71618,462610,474349,201273,68719,69628,161718,29268,11466985,5356,135000,976805
"Rochester, NY Metro Area",NY,Rochester,38.4,41.8,1074667,872779,123511,74997,433690,431331,192671,69789,70404,142513,30108,11068875,3335,140800,899566,"Rochester, NY",MN,43.1566,-77.6088,New York,Mid-Atlantic,Northeast,38,40.7,1081126,882105,123842,71526,425810,426652,196176,66937,65505,145905,26996,11091278,3586,130100,911962,37.9,40.9,1082578,881473,123603,71927,428725,429370,193807,67024,65383,152126,27284,11087453,3413,130900,912541,38,41.2,1083156,879923,125310,72803,430505,430459,193126,67102,66280,151008,27272,11173620,3355,133500,911884,38.1,41.5,1082226,879359,124911,74188,431770,430926,192618,67561,68270,147511,27902,11183778,3376,135400,908981,38.2,41.5,1080653,876258,124259,75085,433950,431327,193197,68765,69731,146151,28878,11130373,3104,138300,905637
"Grand Rapids-Wyoming, MI Metro Area",MI,Grand Rapids,34.9,36.7,1050440,884536,68125,71540,448565,388060,207007,70591,76111,117665,29117,11940147,2432,164300,878313,"Grand Rapids, MI",MI,42.96336,-85.66809,Michigan,East North Central,Midwest,34.3,36.2,998916,859202,64460,61771,397785,370049,200658,59114,63694,140186,25264,10836848,5397,139300,838789,34.5,36.4,1007329,862058,65855,63943,404935,372118,200478,60146,66063,139413,25583,10913717,4816,139100,846472,34.6,36.5,1017877,868214,66620,66078,416000,375364,200212,62711,68552,138151,25810,11182278,3845,141100,852297,34.6,36.5,1028173,875264,66356,66728,425995,378172,200922,64854,70651,134469,26421,11418335,2905,146300,861727,34.8,36.6,1039182,880197,67306,68963,436265,383745,204360,67755,73762,125522,27429,11681106,2707,154700,870911
"Tucson, AZ Metro Area",AZ,Tucson,36.7,40.1,1019722,777452,35973,132235,354780,400907,174763,58953,65891,176222,26451,9703173,5231,173500,687219,"Tucson, AZ",AZ,32.22174,-110.92648,Arizona,Mountain,West,36.3,39.3,986891,782731,35791,125970,332955,384041,170483,56074,58583,184668,24147,9425694,6938,167500,661590,36.4,39.4,993144,782395,35426,127106,336045,386155,169997,56680,58712,184229,24266,9427853,6673,161700,665539,36.5,39.7,998537,777699,36123,129067,338565,389658,169543,56810,59557,187250,24172,9465466,6233,159900,669630,36.5,39.9,1003338,775748,35337,129465,343010,395390,171988,56530,61394,186299,24415,9535738,5577,160800,673576,36.6,39.9,1007257,774499,34872,129234,347355,398530,173041,57995,63603,179569,25347,9597938,5451,166300,678942
"Urban Honolulu, HI Metro Area",HI,Honolulu,35.9,39.5,987638,207525,23472,192672,350805,311525,164407,72555,80751,83359,35569,11390481,1595,649800,665412,"Honolulu, HI",HI,21.30694,-157.85833,Hawaii,Pacific,West,35.6,39.2,964678,205420,22246,189027,339155,309803,162374,64849,72914,91904,31668,11187029,2086,556300,651239,35.3,39,975690,209847,24169,189052,339815,310141,162151,67258,74301,92129,31971,11321731,1917,564400,660881,35,39,984178,213878,25901,187669,342410,309602,163201,68660,75264,92404,32043,11511718,1894,580200,667508,35.6,39.3,986999,208830,23334,190161,344230,309548,163910,69861,77978,90359,32465,11430331,1557,602700,665331,35.7,39.5,990060,209222,23248,192322,348220,311451,164797,72268,79896,86868,34244,11490060,1339,626400,666234
"Tulsa, OK Metro Area",OK,Tulsa,35.6,38.2,985233,702830,78792,64502,398330,380053,184152,58143,63698,140823,29268,10631096,4543,144300,819543,"Tulsa, OK",OK,36.15398,-95.99278,Oklahoma,West South Central,South,35.3,37.9,945802,688892,76794,54470,378070,367897,181431,53378,57064,138331,26028,10341765,5623,127800,798227,35.4,38,954055,692020,76844,55995,381530,369720,180616,54297,57927,140168,26425,10353861,5449,129100,803538,35.5,38.1,962676,694422,77063,58065,388170,372665,181458,54992,59678,141226,26714,10494953,5090,131400,808724,35.5,38.1,970603,696902,76645,60345,391205,375807,182027,56067,60732,142640,27202,10558802,4744,134700,812095,35.5,38.1,977869,698596,77729,62567,395380,378264,182803,57286,61976,141375,28216,10590783,4713,139100,816085
"Fresno, CA Metro Area",CA,Fresno,31.2,33,978130,627437,47372,208818,323585,304624,142835,37852,44237,232067,23432,9247224,1941,237500,496360,"Fresno, CA",TX,36.7378,-119.7871,California,Pacific,West,30.1,31.8,939605,560516,47790,205349,284625,289811,139122,33548,39030,239584,20810,8720833,3179,195400,484636,30.3,32,948844,555967,48276,206325,290030,292550,139639,34070,39496,255019,20721,8671096,2684,191700,487163,30.5,32.3,956749,570451,48499,204747,296510,296305,138710,34753,39329,252187,20870,8800816,2189,194600,490288,30.7,32.5,963160,593119,48434,205766,303140,299456,139277,35354,40949,254872,21314,8913378,1953,204900,490073,31,32.8,971616,617322,47715,204366,315830,301824,141665,36691,41687,243040,22230,9121040,1892,220600,497018
"Bridgeport-Stamford-Norwalk, CT Metro Area",CT,Bridgeport,38.7,41.8,944348,691642,107215,205009,353905,340491,181927,80359,89318,81751,39355,10663634,4349,422300,628530,"Bridgeport, CT",CT,41.16704,-73.20483,Connecticut,New England,Northeast,38.2,40.9,926233,694586,102414,187921,337405,332655,177611,76108,81753,82958,35273,10436791,4047,432100,624825,38.1,41,934215,694475,103232,191275,341295,333502,177309,76911,83661,83497,35688,10484618,3837,422400,628994,38.1,41.1,939983,694797,105683,196082,344695,334320,177986,78024,84859,82743,35978,10581347,3704,416000,628475,38.2,41.4,941618,694622,107282,199191,347325,335209,179406,77913,87176,81553,36597,10619240,3955,413400,628152,38.4,41.7,947328,696286,107305,205984,351310,337678,181175,78630,87296,81422,37120,10678657,4326,417800,630803
"Worcester, MA-CT Metro Area",MA,Worcester,39,41.4,938818,794133,43461,104053,394960,351743,173008,65333,70769,94436,33499,10254192,3161,259300,726931,"Worcester, MA",MA,42.26259,-71.80229,Massachusetts,New England,Northeast,38.3,40.5,920803,798182,37019,96476,380130,343681,172620,58511,63602,100015,30696,10073582,3526,251200,716302,38.4,40.9,924722,797543,38286,98538,384605,344842,172422,61166,65097,103293,30761,10054701,3881,247200,716699,38.5,41.1,928405,795181,40258,100135,388100,345452,170666,62204,65685,104287,30701,10092952,3687,244400,719653,38.6,41.2,930667,794636,41745,100318,390840,347055,170920,62192,67085,102378,31338,10136202,3391,245200,722992,38.8,41.4,934923,794817,42175,102500,391845,350504,172683,63780,68983,100171,32146,10179412,3311,250400,726279
"Omaha-Council Bluffs, NE-IA Metro Area",NE,Omaha,34.6,36.5,922891,778279,70434,67191,418335,355832,176775,67191,75294,96212,34037,10769428,2498,163400,757002,"Omaha, NE",NE,41.25861,-95.93779,Nebraska,West North Central,Midwest,33.8,36,876355,738128,67423,59651,390530,337153,168002,60428,64645,103571,29868,10273552,3909,145900,723163,33.9,36,886157,749149,68538,60774,396810,340906,168212,61876,66167,106731,30146,10318616,3504,145900,730839,34.1,36.1,895919,756180,69641,62221,400975,344424,170632,62598,67691,107336,30652,10450805,3234,148200,737718,34.2,36.2,904834,765284,69570,63370,407255,347727,170892,64457,70539,104859,31308,10538805,2935,152100,744143,34.4,36.4,914190,774046,69770,65536,413600,352312,174873,65340,72578,100107,32376,10698601,2639,157500,750569
"Albuquerque, NM Metro Area",NM,Albuquerque,36.6,39.3,910012,677528,23470,83661,345030,349150,150967,50809,58854,154815,27514,8795606,4614,186300,603536,"Albuquerque, NM",NM,35.08449,-106.65114,New Mexico,Mountain,West,35.4,38,893241,636773,24073,87322,334425,342831,151914,47202,52223,158961,26477,8903647,4365,179100,576935,35.6,38.2,899137,645190,24014,87813,333445,344168,151420,47138,54423,165801,26475,8859980,4146,177100,580785,35.7,38.5,902731,650967,24692,86810,334360,343434,150186,46941,55374,170659,26107,8800789,4599,177100,587249,36.1,38.8,904486,657584,23647,85548,338375,343268,150609,48782,56259,166198,26506,8823058,4719,177900,591531,36.4,39,905049,672071,23443,83849,340910,345399,149775,49480,57689,160252,27046,8803007,4805,181300,598696
"Greenville-Anderson-Mauldin, SC Metro Area",SC,Greenville,37.3,39.9,883853,682291,145907,52132,354450,338714,167944,52857,53873,122649,26293,9207429,3070,154600,761594,"Greenville, SC",MS,34.8526,-82.394,South Carolina,South Atlantic,South,36.5,39.3,834277,656620,138341,48037,318170,317600,159741,45879,46503,135972,23182,8388829,5847,137300,716919,36.8,39.4,842817,662288,140816,47480,324120,320027,160488,46323,47241,138479,23431,8470688,5349,137600,726573,37.1,39.5,852631,668403,143005,48740,330895,323691,162942,47895,48274,139024,23728,8623543,4709,140000,735614,37.4,39.6,862064,674031,144201,49396,339210,328367,163861,49549,50145,132210,24341,8812425,3983,143700,744082,37.3,39.8,872463,678280,145409,50243,346975,334042,166214,50805,51866,128390,25374,9002220,3598,148700,753286
"Bakersfield, CA Metro Area",CA,Bakersfield,31,32.1,883053,663592,48179,176344,283075,267913,136858,26862,30168,187232,24143,8556727,3356,205200,454012,"Bakersfield, CA",CA,35.37329,-119.01871,California,Pacific,West,30.2,31.4,848204,613143,47548,174673,255530,255271,129897,24017,25367,186811,21101,8414770,3879,161700,448868,30.4,31.6,857730,632452,48412,175262,259575,257737,131617,24757,26310,192972,21224,8481009,3200,161800,450642,30.5,31.7,865736,646683,49021,176115,267185,259700,132357,25314,27462,195744,21458,8556209,2876,167400,448338,30.6,31.8,871337,647832,48264,176647,272750,262337,134188,26072,28340,194354,22068,8578902,2806,175600,447111,30.8,31.9,878744,660196,48078,175287,278515,264993,134838,26419,29104,191123,23007,8548527,3015,190600,451080
"Albany-Schenectady-Troy, NY Metro Area",NY,Albany,38.6,41.5,880481,730966,69112,69361,367585,350301,157732,61411,60750,88320,34665,9598537,3343,208200,754778,"Albany, NY",GA,42.6526,-73.7562,New York,Mid-Atlantic,Northeast,38.4,41.1,873238,740929,68053,60472,358250,346281,160590,56586,55083,94717,31266,9510157,3651,197500,752343,38.4,41.2,875567,740173,67181,60512,359890,347401,158430,56249,56214,97483,31608,9485615,3491,196800,755527,38.4,41.4,877846,738444,68208,61526,360935,345988,157850,57567,56979,96082,31543,9517512,3501,197400,755942,38.4,41.4,879291,736238,68023,64525,360845,345957,157813,59162,58863,93334,31959,9498322,3343,200100,754672,38.5,41.5,881862,735020,68660,67634,365180,349325,158428,60941,59851,93198,32971,9584693,3176,203300,756112
"Knoxville, TN Metro Area",TN,Knoxville,39.2,41.9,868499,778593,49381,34485,346495,344901,173390,50019,53783,128564,26402,8842092,4915,163600,780452,"Knoxville, TN",TN,35.96064,-83.92074,Tennessee,East South Central,South,38.6,41.3,843268,761541,50197,30679,327645,341859,172089,46913,48393,130362,23894,8615798,4741,147000,756403,38.8,41.6,847765,763715,50269,32194,327440,340980,170064,46586,49604,134826,23859,8523587,4470,148200,760084,38.9,41.7,852159,766783,50252,33042,332100,341889,171451,46098,50831,138551,23919,8615937,4725,150800,764439,39,41.9,857111,770692,49747,33767,335330,342226,171929,48243,52393,137602,24428,8689959,4975,154800,768890,39,41.9,862490,774174,49354,34663,341655,344088,173168,49020,53405,133380,25449,8771646,4876,158700,773809
"New Haven-Milford, CT Metro Area",CT,New Haven,38.4,41.8,859339,634586,113737,104939,344475,329857,144460,54122,57717,98855,34664,8841594,3571,246700,637243,"New Haven, CT",CT,41.30815,-72.92816,Connecticut,New England,Northeast,37.9,40.7,862611,649673,108359,100759,340765,328013,151160,50735,53678,103599,30854,8909833,3578,256900,641007,38.1,40.8,863148,649232,109755,100989,339230,327086,148754,51417,54921,106282,31002,8843281,3530,250400,640506,38.1,41.1,862224,646775,110719,103280,339935,326028,146853,52549,56098,108533,31369,8859263,3460,245200,638470,38.2,41.3,860874,644385,110829,103937,341100,326487,146029,53098,56438,106796,31904,8841588,3626,244000,636434,38.4,41.6,862127,641178,112152,103028,343645,327402,145850,54413,57382,100732,33190,8835940,3818,244400,639720
"McAllen-Edinburg-Mission, TX Metro Area",TX,McAllen,27.8,30.5,849389,747125,4647,230582,264995,234879,126778,27996,33693,261968,18579,7710336,2970,84000,121085,"McAllen, TX",NA,26.2034,-98.23,Texas,West South Central,South,27.1,29.7,790646,702346,4535,231815,234450,217691,124713,22246,27023,272065,15986,7045969,3208,78100,108006,27.3,30,806447,735369,4744,233400,239800,221150,125929,23065,29019,275717,16382,7144615,2782,78900,109638,27.4,30.1,819217,748844,5080,235860,244250,224021,126203,24141,29543,277104,16458,7263069,2884,79200,113356,27.5,30.2,828334,744392,4890,230966,250090,227477,125594,25334,31038,267812,17188,7394340,2630,81400,115361,27.6,30.3,839539,746211,4797,229053,258900,232523,127466,26607,32915,263891,17858,7625725,2809,82400,119489
"Oxnard-Thousand Oaks-Ventura, CA Metro Area",CA,Oxnard,36.5,39.2,848112,680197,14835,186780,337290,271226,150646,56359,61380,80058,32246,9174455,1797,559700,490627,"Oxnard, CA",CA,34.1975,-119.17705,California,Pacific,West,35.1,38,829017,629868,15179,189104,314150,267076,149005,51909,54257,90471,29738,9125252,1875,442200,481172,35.5,38.2,835790,649278,15035,190562,317230,267829,149020,52293,56003,91912,29886,9101893,1576,444800,482682,35.8,38.4,840833,662754,15063,191739,321945,268969,149844,53447,56626,91880,30055,9158112,1484,458100,484117,36,38.5,843110,669728,14847,192397,327700,269338,150328,53675,57896,88486,30644,9158998,1344,481400,483411,36.2,38.9,847834,677010,14805,190782,334210,270046,150605,54413,60258,85816,31387,9216381,1425,520300,488318
"El Paso, TX Metro Area",TX,El Paso,30.3,33.8,841752,675103,28789,209487,305380,266624,129804,36041,42155,176122,22066,8681070,3278,118900,222474,"El Paso, TX",TX,31.75872,-106.48693,Texas,West South Central,South,29.4,33.1,816409,660492,26537,212121,274985,256669,128761,30905,36341,187633,19537,8199519,2792,111400,201972,29.6,33.3,827206,676066,28018,214493,279895,258622,129157,31597,37602,190889,19745,8328779,3005,112500,207848,29.8,33.4,834425,691355,29403,213291,286905,260580,130728,33319,39791,186920,20379,8478492,3197,113600,213426,29.8,33.5,837073,693406,29126,212714,293565,262355,131649,34708,40289,185056,20758,8527025,3128,114500,213954,30.1,33.6,838527,679882,28778,213715,298100,264090,130498,35118,41342,179089,21472,8612508,3313,116300,217882
"Allentown-Bethlehem-Easton, PA-NJ Metro Area",PA,Allentown,39.7,42.9,834615,700333,47918,76365,343655,319220,162194,50485,53338,86652,30978,9174963,3215,207200,656452,"Allentown, PA",PA,40.60843,-75.49018,Pennsylvania,Mid-Atlantic,Northeast,39.3,42.1,823731,703051,42892,66422,325745,312844,163635,46271,48096,90604,27379,8896120,4060,207000,654942,39.6,42.2,826260,700433,43734,67990,328655,313786,162813,46695,48949,89964,27692,8855838,4045,202900,656806,39.8,42.5,828232,699706,43803,70118,333320,314305,162317,47212,49562,88085,27921,8940869,3896,199800,657414,39.8,42.7,830737,699603,45091,71919,336970,315449,161708,49027,51224,87886,28898,9008130,3685,200000,656574,39.8,42.8,832790,700165,46910,72481,341285,318429,162381,50028,52029,89834,30147,9085564,3927,202800,657569
"Baton Rouge, LA Metro Area",LA,Baton Rouge,34.1,36.4,829642,492514,293907,32451,338155,301463,134230,43598,53196,130086,28870,8709812,3487,173700,725109,"Baton Rouge, LA",LA,30.45075,-91.15455,Louisiana,West South Central,South,33.2,35.6,808816,487178,287579,28833,325275,295913,133976,43896,49357,134273,26212,8729960,3821,158100,704416,33.4,35.6,814805,489906,289974,29513,327145,299156,134398,44479,49510,138619,26529,8711526,3915,158600,710373,33.5,35.8,819861,492179,290894,30139,330470,300913,134215,44898,50460,140514,26800,8709531,3519,161800,715760,33.6,36,824667,492913,292728,30213,334430,301189,132987,44425,50697,140246,27187,8697548,3459,164500,721395,33.7,36.2,828741,493718,293605,32336,336650,301894,134303,44553,51704,136385,28294,8724266,3214,168200,723581
"Columbia, SC Metro Area",SC,Columbia,35,38.1,816664,488977,271564,40609,328525,308718,136222,49601,56076,118912,28072,8680925,4548,149700,710841,"Columbia, SC",MD,34.0007,-81.0348,South Carolina,South Atlantic,South,34.1,37.4,776794,473931,258146,37563,306115,294291,133913,46438,48821,119261,25866,8274092,4536,139400,675529,34.3,37.6,784698,476637,260138,39339,308250,296439,133279,46421,50078,124691,25675,8320602,4726,138500,682112,34.4,37.7,792530,479605,262676,39327,313590,297977,133855,47546,50851,124072,25856,8395218,4814,140600,690030,34.6,38,800559,483017,266113,38754,318765,301048,134259,49424,53058,121175,26513,8507946,4745,143000,696685,34.7,38,808377,486443,269161,41209,323640,305203,135271,50633,54318,120260,27131,8589500,4326,145900,702654
"Dayton, OH Metro Area",OH,Dayton,37.7,41.1,802645,628914,123398,35883,320330,330381,145681,44245,48119,118683,28681,8178367,4291,129800,712245,"Dayton, OH",OH,39.75895,-84.19161,Ohio,East North Central,Midwest,37.3,40.6,801888,634870,125180,29141,308620,326653,145454,40015,41347,125886,25204,8022654,5215,124000,713883,37.5,40.9,801259,632837,125258,29991,308225,327391,144607,41019,42365,130782,25575,7946444,4837,122700,712923,37.6,41,801472,632353,124345,31684,312515,328004,144914,41939,44084,130495,25851,8054285,4752,122600,711942,37.6,41.2,800950,631019,123845,32555,315125,328062,144194,42523,45855,126987,26348,8088303,4431,122900,712217,37.7,41.1,800893,629408,123367,34758,318325,329097,146294,43413,46479,121328,27193,8131511,4448,125800,711414
"North Port-Sarasota-Bradenton, FL Metro Area",FL,North Port,50.5,53.5,785997,695708,50995,98043,268540,324203,164373,57385,59980,85289,29676,6612120,5481,228200,641111,"North Port, FL",FL,27.04422,-82.23593,Florida,South Atlantic,South,48.2,51.3,712581,625874,46965,87896,235865,301752,149848,46047,47550,95255,25917,5974573,7657,170900,580283,48.7,51.7,722784,634633,47777,88324,242110,306165,153252,48155,48629,94428,26360,6010703,7056,169000,589583,49.2,52.1,735767,648306,50382,90763,246760,309910,155766,50502,51522,93981,26739,6092452,6154,175100,600358,49.6,52.5,751422,665541,49469,91865,252115,311566,156913,52613,54327,93375,27087,6254190,5636,189400,614513,50.1,53,768381,680275,50492,95937,259465,318253,160701,55242,57624,90160,28150,6409784,5574,207600,628278
"Charleston-North Charleston, SC Metro Area",SC,Charleston,35.6,38.3,759247,515005,197074,37575,314685,285962,133690,56290,61155,100005,31042,8476028,3592,221800,663768,"Charleston, SC",IL,32.7765,-79.9311,South Carolina,South Atlantic,South,34.3,36.9,682904,457689,186957,35948,270355,259430,119702,44437,48246,105640,26582,7567381,4980,186900,591456,34.5,37,697281,468674,188704,35303,276225,264864,122145,46008,49955,107248,26943,7723489,4610,186700,604713,34.8,37.3,712232,480080,191661,35879,284755,268904,123634,47925,52445,107183,27426,7885241,4199,189600,619000,35.1,37.7,728271,491854,193495,35881,297060,274408,125681,50723,56216,103460,28762,8085611,3671,195700,635227,35.3,38,744195,503404,196047,37061,306870,281245,130680,52976,58447,100817,30238,8265463,3842,207500,649784
"Greensboro-High Point, NC Metro Area",NC,Greensboro,37.6,39.8,757810,481805,202596,66588,303540,295973,134757,43723,53434,119237,26771,7649339,3142,145900,627960,"Greensboro, NC",NC,36.07264,-79.79198,North Carolina,South Atlantic,South,36.9,39.2,730342,480347,188554,61060,283265,288506,132205,39893,47912,128455,24288,7262251,5322,140600,608229,37.1,39.4,735777,482687,191047,62258,284180,290505,132314,40299,49119,129454,24644,7249983,4791,140000,611867,37.3,39.5,741433,481845,194660,62679,288495,291630,132967,41334,50185,128546,24750,7346351,4345,140700,616532,37.6,39.7,746301,481735,197630,64266,293725,292685,132639,41944,50982,128439,25193,7407964,3689,140900,619750,37.6,39.8,751590,480759,200455,65092,299360,293839,133781,43033,52054,124154,25972,7522550,3281,143800,623736
"Little Rock-North Little Rock-Conway, AR Metro Area",AR,Little Rock,35.4,37.8,734502,519364,170821,31053,300485,282138,130225,42432,49635,108611,28687,7532155,5047,150500,642168,"Little Rock, AR",AR,34.74648,-92.28959,Arkansas,West South Central,South,34.7,37.2,709447,516732,159192,27907,291740,273230,128664,39761,43465,103160,26142,7447767,5631,135000,620808,34.8,37.3,716849,521422,162241,28660,294155,274285,128715,40755,45325,104356,26343,7423907,6369,136400,627875,34.9,37.4,722684,521931,164730,28515,295845,276358,129591,40452,47081,108307,26333,7471086,5942,139000,632803,35.1,37.5,727371,521616,166388,28702,297780,278116,129523,41286,48233,110420,26777,7472688,5388,141700,638038,35.2,37.7,730346,519151,168175,30130,298515,279408,129569,42247,48930,108351,27456,7473380,5322,146000,639100
"Stockton-Lodi, CA Metro Area",CA,Stockton,33.1,35.2,732212,411958,52023,170888,248550,226727,117049,26249,31384,114294,27467,7218865,1080,313800,401180,"Stockton, CA",CA,37.9577,-121.29078,California,Pacific,West,31.8,34.1,693177,407287,49901,159987,216830,215563,111745,24005,28117,123115,23677,6567981,2651,208000,384305,32.1,34.4,701050,405458,50377,161686,220460,217343,111709,24436,28675,132986,23500,6613090,2079,211300,388373,32.4,34.6,708554,403891,50263,165260,225340,219073,113594,25388,29136,129390,23806,6711486,1836,223000,389265,32.7,34.8,714860,403016,49874,166244,230785,221707,114909,25419,29585,124587,24726,6858780,1416,246900,390990,32.9,35,724153,404806,50433,168377,239050,223808,116150,25716,29761,121296,26020,7068382,1195,281100,394635
"Cape Coral-Fort Myers, FL Metro Area",FL,Cape Coral,46.6,49.5,718679,609126,61829,119426,247530,271861,139090,45511,47851,98969,27201,6268363,5510,207700,531044,"Cape Coral, FL",FL,26.56285,-81.94953,Florida,South Atlantic,South,44.6,47.4,633968,533670,53045,95483,199035,241531,125312,35990,35881,96549,24567,5358220,8236,149400,473959,45.1,47.8,647554,545605,55693,99454,207020,246061,125171,37925,37887,102306,24594,5368960,6821,150000,483073,45.6,48.2,663675,561079,57315,102662,216230,252287,128150,39346,39816,105166,24877,5481300,6595,157400,496203,46,48.7,680970,578220,58757,106476,226325,258084,132317,42079,42952,104219,25469,5736307,5611,171100,507396,46.4,49.2,700165,593227,60664,113019,237405,264325,136060,43482,45729,102539,26138,6015737,5508,190200,519110
"Colorado Springs, CO Metro Area",CO,Colorado Springs,33,35.9,712266,570192,43473,48471,286325,263562,140682,50202,54916,74928,31688,8700369,2361,255200,586816,"Colorado Springs, CO",CO,38.83388,-104.82136,Colorado,Mountain,West,32.6,36.1,657699,537251,37830,46185,255165,246473,130821,42816,46859,78134,29330,7929033,3300,214200,541660,32.5,35.9,669070,543280,38717,46849,260360,249765,132125,42973,47797,80157,29393,8077658,3045,215300,552050,32.6,35.8,678364,547666,39809,47431,267225,254868,135928,45144,49049,76761,29844,8227866,2779,219300,558430,32.8,35.9,688643,555626,40982,47889,273590,259041,138368,47466,50754,74764,30382,8406162,2566,227800,566793,33,35.9,698595,559248,41615,47121,278495,259821,139936,48486,53157,74459,31059,8513863,2354,239100,576625
"Akron, OH Metro Area",OH,Akron,38.8,41.6,704454,574542,84790,33729,301740,286378,129103,46128,49120,89922,28892,7638898,2985,144900,625852,"Akron, OH",OH,41.08144,-81.51901,Ohio,East North Central,Midwest,38.4,40.8,704979,586456,83734,29228,293455,281367,131626,42408,45203,107042,26065,7432757,3946,139100,629220,38.7,41.2,703017,582561,83697,29576,294385,281752,130688,42522,46241,103180,26239,7432453,3358,137600,628278,38.8,41.3,703744,580792,83861,30960,296235,281957,130090,43225,45980,102877,26382,7483293,3381,137900,628643,38.8,41.5,703168,578595,84285,32671,297845,283472,129886,44491,46737,99187,26767,7535753,3358,138400,627815,38.8,41.5,703398,575891,85030,33877,299920,285229,129868,45598,48381,94725,27570,7577725,3168,140800,626271
"Boise City, ID Metro Area",ID,Boise,35.3,36.8,693952,616708,6985,45425,270715,253531,131373,46819,48081,86152,28411,7611153,2050,214300,573136,"Boise, ID",ID,43.6135,-116.20345,Idaho,Mountain,West,33.8,35.3,628966,576994,4737,41795,229435,228270,124876,39829,40052,96989,25039,6750410,4182,166300,515871,34.2,35.6,639616,585465,5245,43094,235020,232248,126052,40862,41690,97778,25449,6811763,3668,164400,524842,34.5,36,651402,594247,5665,45267,240920,236303,126305,43254,42614,95558,25592,6924736,2845,167800,535640,34.8,36.4,663680,601082,6140,43358,252325,240902,126314,44623,44089,95753,26207,7143604,2404,176600,547977,35.1,36.6,677346,608261,6584,43405,261250,247290,128678,46309,45971,92145,27218,7382579,2336,192600,559889
"Lakeland-Winter Haven, FL Metro Area",FL,Lakeland,39.3,41.4,668671,520186,101690,66960,234530,231260,116128,28590,32464,108755,25525,5885501,4828,135400,494961,"Lakeland, FL",FL,28.03947,-81.9498,Florida,South Atlantic,South,38.8,41.2,610295,481454,90406,62357,202985,219540,111456,23880,27348,108507,22453,5238623,5788,111400,462163,39.1,41.5,617323,486381,92931,62198,204585,220556,111638,24714,28882,111170,22736,5263474,5578,107100,467488,39.1,41.6,626676,493630,94487,62222,208340,221381,111361,25162,29768,111877,22896,5311233,5340,107300,472918,39.2,41.7,637691,500894,96445,62942,215240,223060,111553,26355,30776,110225,23658,5422355,5117,110400,480407,39.4,41.5,652256,510554,99355,65002,225095,226604,114167,27035,31112,110557,24479,5669616,5243,121100,487676
"Winston-Salem, NC Metro Area",NC,Winston-Salem,39.4,41.9,661798,501669,117669,45482,259040,262905,127313,34227,43429,106284,27266,6636445,3813,147600,553023,"Winston-Salem, NC",NC,36.09986,-80.24422,North Carolina,South Atlantic,South,38.2,40.6,644250,490329,113545,44727,247890,255148,125510,33901,39407,109949,24998,6346204,4725,142800,537950,38.4,40.9,648045,495545,114646,45188,248745,256301,124260,33322,40742,113423,25006,6357572,4236,141900,541789,38.7,41.3,651630,498827,115226,45210,248345,257656,125417,33971,41789,115434,24796,6459151,4152,143000,544435,39,41.6,654589,499502,115789,43226,250695,259085,125582,34116,42646,115373,25206,6483632,4089,143700,548726,39.3,41.7,658195,500332,116487,44249,255985,260518,126956,34274,42617,111169,26240,6554839,4211,145000,550266
"Syracuse, NY Metro Area",NY,Syracuse,38.1,40.8,654705,552435,55464,40437,254335,257682,116420,39868,38873,92084,30401,6672397,2987,134000,563741,"Syracuse, NY",NY,43.04812,-76.14742,New York,Mid-Atlantic,Northeast,37.5,40.1,661838,565425,53470,37229,251825,256745,117070,37076,35445,94305,27158,6795740,3184,122900,571757,37.5,40.1,662236,562969,54270,37665,251035,256796,116168,37475,35954,97650,27325,6730985,3237,124400,571978,37.6,40.5,661914,560980,54399,38636,251965,256229,115347,37577,37268,99282,27596,6709905,3396,126700,571210,37.7,40.5,660652,558814,54636,38593,253535,256420,115182,38382,37822,97317,28060,6717555,3288,128200,570103,37.8,40.6,659262,556104,55155,39449,254960,258028,116306,39424,38493,95432,29321,6726467,3362,131100,568618
"Ogden-Clearfield, UT Metro Area",UT,Ogden,30.8,32.3,652744,587575,7610,35376,257155,205890,132447,40893,41590,51732,31194,7278386,2309,235700,532472,"Ogden, UT",UT,41.223,-111.97383,Utah,Mountain,West,29.7,31.1,605609,540444,7221,32842,229155,193830,123691,36244,33085,58857,27851,6550662,1926,197700,491985,30,31.3,614521,549602,6916,33956,232950,195735,125446,37122,34982,60483,27931,6633081,1934,198200,500103,30.3,31.6,623323,557941,6802,34648,236845,197475,125781,37630,35904,60601,27877,6727946,2031,199300,507507,30.5,31.9,632793,568529,7109,34667,243265,199388,127892,38175,37684,58592,28959,6902488,2157,206900,517184,30.7,32.1,642274,578511,7260,34530,250320,202991,130838,39705,39307,55559,30141,7087932,2301,220600,525906
"Madison, WI Metro Area",WI,Madison,35.1,37.2,647281,555706,28399,48288,281810,268213,126290,57911,60795,70510,35732,7974723,1710,238800,547149,"Madison, WI",AL,43.0731,-89.4012,Wisconsin,East North Central,Midwest,34.7,36.9,614019,538086,26422,41925,260920,253967,120726,48404,52611,73349,31224,7519857,2646,217500,517487,34.8,36.9,620368,540469,26904,42399,262195,255724,121168,50153,54564,75824,31476,7540215,2705,217500,522576,34.9,37,627618,543929,27592,43632,267415,258237,121491,51224,55509,74607,31576,7667113,2582,219200,528617,34.9,37,634269,547850,27778,45044,271315,261002,123240,53977,57589,73922,32116,7766781,2319,224200,533975,35,37.1,640072,551421,27796,47297,275330,265003,124695,56390,58857,72920,33928,7844434,1886,230200,539408
"Wichita, KS Metro Area",KS,Wichita,34.8,37.2,643765,524040,48395,46788,269875,246047,120196,39808,42150,84316,29865,7032078,3036,133700,525995,"Wichita, KS",KS,37.69224,-97.33754,Kansas,West North Central,Midwest,34.3,36.3,633020,518762,46914,44912,262270,242541,119514,36876,39984,89459,26994,6976948,3539,121600,517368,34.3,36.4,636095,523461,48055,46427,263510,241831,120404,37931,41151,89746,27324,6965072,3873,122800,518430,34.3,36.6,638884,527094,48854,47288,265580,242912,119954,38201,40552,90115,27511,6977335,3614,124400,520965,34.6,36.7,640505,529854,48563,46916,267475,243758,120279,39415,40947,89361,27987,6994363,3166,126300,523073,34.6,37,642339,527374,48552,46992,270285,245121,120594,40105,42107,87750,28952,7049635,3331,129300,523442
"Deltona-Daytona Beach-Ormond Beach, FL Metro Area",FL,Deltona,45.6,49.1,634773,523263,68312,53009,217910,253614,118958,35174,37851,91275,25801,5363368,4208,170600,520103,"Deltona, FL",FL,28.90054,-81.26367,Florida,South Atlantic,South,44.4,47.6,593569,486023,62967,47631,194945,231554,113381,29266,29446,97469,22861,4926984,7104,148500,490356,44.8,47.8,597824,491398,63152,50346,193925,233031,112993,29744,30691,102046,22851,4834274,6338,139800,492582,45.1,48.4,604502,499718,64336,50210,197865,237130,113398,31147,32005,100695,22775,4890997,5619,138900,498864,45.4,48.8,613723,510065,65165,49677,203710,243460,115031,32189,34493,97113,23507,5031674,4824,147000,506387,45.4,48.9,623675,516847,66000,50345,210115,249318,117080,32689,35735,95568,24495,5147705,4622,156900,515004
"Des Moines-West Des Moines, IA Metro Area",IA,Des Moines,34.9,36.7,634201,549836,32706,50185,291875,246304,123910,51186,55663,62126,35905,7496200,2293,176300,522180,"Des Moines, IA",IA,41.60054,-93.60911,Iowa,West North Central,Midwest,34.4,36.2,580913,509303,27217,42916,262825,227537,117366,45135,49073,60985,31853,6826145,2647,156400,480271,34.5,36.3,590741,517413,28629,44386,268395,229824,118267,46546,49730,65014,32485,6931279,2814,157800,488668,34.6,36.3,601187,526916,29495,45706,274270,233390,119309,47884,51634,67426,32425,7081751,2594,160100,497267,34.7,36.4,611755,534055,30607,46804,280590,237527,120031,48633,52724,65968,33312,7231347,2211,164500,505988,34.8,36.5,623113,541858,31535,48761,287495,242050,121914,49598,53998,63013,34519,7433029,2295,169400,514813
"Springfield, MA Metro Area",MA,Springfield,36.6,39.8,630275,522739,45654,54187,243580,237708,99487,33682,40876,96179,27060,6129507,1662,222600,465751,"Springfield, MA",IL,42.1015,-72.5898,Massachusetts,New England,Northeast,36.3,39.6,624411,504738,44816,56394,234225,236818,101562,29443,36648,97556,24892,6072077,2171,215600,465862,36.3,39.6,626775,507497,44751,55372,236865,236512,101521,30817,37265,99041,25143,6079702,1941,214000,468889,36.4,39.5,628800,510821,44880,54290,240640,235531,100372,31390,38194,99625,25010,6134397,1993,214100,468740,36.5,39.5,629107,516184,44846,54602,241855,235601,99723,31909,38540,100434,25603,6134357,1751,214600,467226,36.6,39.6,630385,519110,45717,54231,242755,237713,100581,32678,39086,97367,26282,6124272,1599,217500,468927
"Toledo, OH Metro Area",OH,Toledo,35.9,38.9,604620,470714,85364,21610,248635,245933,103286,30575,34838,100970,27027,6328323,2779,124400,531516,"Toledo, OH",OH,41.66394,-83.55521,Ohio,East North Central,Midwest,35.6,38.6,609437,482751,87057,19970,235295,243472,106025,27219,31306,111707,23630,6091690,3739,118200,538446,35.6,38.7,608847,480039,86311,20313,238955,244015,104743,27978,32014,113298,23908,6115400,3403,115900,537773,35.7,38.8,607631,477157,85922,19988,240800,243939,103643,28084,32063,112084,24127,6153425,2924,114700,536050,35.7,39,606684,475803,86967,19989,244105,244742,103100,28872,33670,109202,25128,6221674,2806,116700,534480,35.8,38.8,605204,473066,86170,21273,245355,245562,103736,29504,34250,104570,25758,6257043,2896,120500,532421
"Provo-Orem, UT Metro Area",UT,Provo,24.5,24.9,601388,552662,3603,42999,211705,164039,115500,38818,41719,65739,24967,6488016,1077,278200,464910,"Provo, UT",UT,40.23384,-111.65853,Utah,Mountain,West,24.4,24.6,539562,493176,3187,38386,177670,146021,103289,33192,32216,73900,21571,5621945,1651,220800,418574,24.4,24.7,550774,504997,3318,38908,182540,148535,105327,34358,33787,74135,21634,5717946,1418,221100,427786,24.4,24.7,562357,517338,3366,39888,189215,151570,107699,34504,35097,72574,21833,5904777,1380,227100,437966,24.3,24.7,574684,529992,3354,39546,196565,154497,110118,35800,36919,70489,22224,6082029,1247,238100,448467,24.4,24.8,587190,540416,3458,41923,202370,158951,112715,37631,39150,67740,23539,6276649,1175,255100,455642
"Augusta-Richmond County, GA-SC Metro Area",GA,Augusta,35.7,38.8,594300,347410,211628,28257,223800,214489,100820,28660,34167,100412,25858,5826802,4610,139600,519194,"Augusta, GA",GA,33.47097,-81.97484,Georgia,South Atlantic,South,35.2,38.4,570516,334653,203160,22874,208330,208170,96245,26318,28314,108320,23696,5512627,4614,124700,499366,35.1,38.4,575669,338282,204738,24275,209995,208736,96070,26817,29729,109837,23935,5538065,4604,125900,503524,35.3,38.5,580178,339550,206338,24679,213350,209672,97745,27353,30881,108490,24037,5588842,4548,128200,507666,35.5,38.5,584964,342338,208335,26107,215610,211238,98781,27661,31871,108313,24304,5695658,4449,130700,510464,35.6,38.7,589519,345479,209658,26917,218570,212603,99983,28449,32638,103639,24961,5762788,4360,133500,515230
"Jackson, MS Metro Area",MS,Jackson,34.8,37.4,580280,276599,285789,14453,231800,210993,93545,31102,38501,95647,27233,5605009,2955,143900,522194,"Jackson, MS",MS,32.29876,-90.18481,Mississippi,East South Central,South,33.6,36.4,571881,277978,276714,14240,218615,205802,90237,29040,36595,110583,24103,5447020,2819,127500,510548,34,36.6,574998,278255,279311,14216,221230,206923,91699,29077,36613,110584,24630,5456429,2924,129800,514194,34.1,37,577070,278399,280749,14273,223145,207730,91060,29544,36518,111483,24959,5451131,2588,133300,516977,34.3,37.1,578095,277097,283628,13781,225265,209150,92089,29984,36634,109967,25345,5502308,2534,135900,519620,34.6,37.2,578565,275924,284499,14081,228955,210526,93346,30623,37640,103047,26547,5548539,2679,139600,520227
"Palm Bay-Melbourne-Titusville, FL Metro Area",FL,Palm Bay,45.4,48.7,576808,476767,58100,49676,205970,228888,111018,37521,40004,72520,27222,5175851,2724,177400,492463,"Palm Bay, FL",FL,28.03446,-80.58866,Florida,South Atlantic,South,44.6,47.2,545667,456026,54822,47511,193855,220277,107860,32309,32209,72534,25341,5013373,5240,144900,466820,44.9,47.6,548891,456683,56026,48234,192680,221582,106355,33366,33151,76083,25507,4951189,4541,138500,469164,45.1,47.9,553591,459762,56914,47947,194430,222791,105448,33734,34614,76460,25490,4965581,3738,142200,472256,45.4,48.3,560683,466147,57306,48402,197150,224373,107301,34618,36188,77357,25488,4955509,3349,150500,478351,45.4,48.5,568183,470794,57728,48940,201245,227223,109829,35520,37634,75104,26236,5043546,2760,162400,485329
"Harrisburg-Carlisle, PA Metro Area",PA,Harrisburg,38.8,41.8,567872,457905,62522,36722,236060,228652,111048,37793,40430,55333,32957,6255853,2204,179500,480050,"Harrisburg, PA",PA,40.2737,-76.88442,Pennsylvania,Mid-Atlantic,Northeast,38.7,41.3,552292,455682,55664,29279,231010,222290,109151,33902,33992,57860,30142,6172072,2995,169200,474215,38.8,41.5,555154,455719,56556,31189,231265,222939,108681,34339,34192,60055,30249,6143384,2573,169900,475570,38.9,41.6,558198,456265,57434,33259,232935,223658,109569,34787,35374,60470,30333,6172660,2606,170700,476374,38.8,41.7,561447,456856,58916,34474,234010,224595,109671,35247,37377,59699,30982,6161649,2595,173200,477288,38.8,41.6,565008,457882,60705,35958,234295,227344,110433,36640,38279,57419,31930,6213514,2225,175600,478750
"Durham-Chapel Hill, NC Metro Area",NC,Durham,35.9,37.9,558491,346888,148638,68495,218595,220244,96686,39881,49447,79515,31563,5871655,1835,223000,437735,"Durham, NC",NC,35.99403,-78.89862,North Carolina,South Atlantic,South,34.4,36.5,516798,318712,138459,63260,192505,204016,90286,34980,43488,86105,26977,5461189,3004,193100,402735,34.7,36.8,525050,324654,141010,63672,194905,206783,91121,36102,44374,87313,27698,5493472,2655,194100,409784,35,37.2,534154,332434,143325,65318,200515,210161,92291,36673,44778,86820,27888,5573380,2524,197600,416002,35.4,37.4,542399,337373,145556,64839,205695,213280,94178,38401,47672,83932,29149,5679867,2368,203400,424766,35.6,37.7,550281,340654,147728,66899,212895,217016,95595,39291,48514,81602,30655,5786353,2269,212400,431397
"Scranton--Wilkes-Barre--Hazleton, PA Metro Area",PA,Scranton,40.7,44.6,556926,502392,20927,32278,219480,225466,100507,29402,32003,79067,26906,5695598,3251,137300,473697,"Scranton, PA",PA,41.40897,-75.66241,Pennsylvania,Mid-Atlantic,Northeast,40.8,44,563279,519907,18068,27499,215975,227641,104545,28215,27860,79466,23597,5798260,3810,131000,488718,40.9,44.2,562644,518013,18491,28254,214370,225565,102767,28341,28219,82639,23856,5739251,3580,132500,487051,40.8,44.3,561701,512885,19401,28624,215915,224620,101107,28181,28909,82299,24286,5727868,3760,133000,484776,40.8,44.4,559898,510005,19384,29341,215795,223489,100252,28261,29702,82279,24962,5651069,3668,134700,481356,40.8,44.5,557942,506084,19975,30871,218405,224955,101350,28888,31328,80766,25964,5652761,3525,136300,476607
"Spokane-Spokane Valley, WA Metro Area",WA,Spokane,37.1,39.8,555308,489982,8244,28679,202050,221704,107447,32834,36816,78568,28240,5688155,2222,207000,486307,"Spokane, WA",WA,47.65966,-117.42908,Washington,Pacific,West,36.6,39.4,530301,473932,9254,27795,185815,210740,102966,30550,31031,80250,25305,5397951,2851,183800,460937,36.7,39.6,533456,476140,9536,28232,187365,211284,103628,30956,31208,82537,25585,5365968,2785,181100,464742,36.7,39.9,537348,478862,9022,29085,188005,212546,103948,30298,32262,84616,25449,5385523,2673,182200,467656,36.9,39.9,542604,482509,8984,28400,192050,214073,104130,30484,33636,83138,25987,5447779,2490,185400,473635,36.9,39.9,547688,485599,8577,28441,198480,218166,106278,31122,34985,81298,27042,5577164,2527,194400,479216
