NAME,name_simp,state_abbrev,state,region,latitude,longitude,pct_pop_change,pop_change,population,median_age_male,median_age_female,median_income,median_value,pct_white,pct_black,pct_foreign_born,pct_married_hh,per_capita_for_sale,pct_only_english,vehicles_per_hh,pct_poverty,pct_bachelors
"New York-Newark-Jersey City, NY-NJ-PA Metro Area",New York,NY,New York,Northeast,40.71427,-74.00597,0.013882115223098178,273712,19962658.666666668,36.416666666666664,39.550000000000004,32821.5,408016.6666666667,0.5893305360662047,0.17170379910651848,0.28617716183963204,0.9108681536041103,0.003248556939042321,0.5761538426344547,0.6980106472296508,0.13729384509504877,0.15191624609253784
"Los Angeles-Long Beach-Anaheim, CA Metro Area",Los Angeles,CA,California,West,34.05223,-118.24368,0.024486352216241136,316982,13145563.5,34.8,37.23333333333333,27010.666666666668,497150,0.5498409406336975,0.06714885215837267,0.3363602861147793,0.9128333115309091,0.0018881655396514572,0.4303092953502272,1.1143864249209723,0.16063282490704944,0.1406873632055915
"Chicago-Naperville-Elgin, IL-IN-WI Metro Area",Chicago,IL,Illinois,Midwest,41.85003,-87.65005,0.005051908664526601,47935,9525500.333333334,35.416666666666664,37.86666666666667,30936.166666666668,221116.66666666666,0.6630074654696178,0.1691079499201109,0.17675846668561696,0.914289479989722,0.00499336850232294,0.6658871217298437,0.9680368048568553,0.13282434403008261,0.14617596115073708
"Dallas-Fort Worth-Arlington, TX Metro Area",Dallas,TX,Texas,South,32.78306,-96.80667,0.10328653419270228,679195,6904806.5,33.46666666666666,35.21666666666666,30913.166666666668,164983.33333333334,0.6941066342699104,0.15133429155473074,0.17792446464647488,0.9213782967910841,0.003046766528987211,0.6439421824010082,1.1670963719116885,0.13798489501479874,0.13919048033182874
"Houston-The Woodlands-Sugar Land, TX Metro Area",Houston,TX,Texas,South,29.76328,-95.36327,0.11801093090834727,715564,6418706.333333333,32.983333333333334,34.6,30095.833333333332,156283.33333333334,0.6561032365867702,0.17137744630680773,0.22824697957049392,0.9229064378295748,0.0034648207149114525,0.5713036463889739,1.1567717277033205,0.15232568411111294,0.12665976461819747
"Washington-Arlington-Alexandria, DC-VA-MD-WV Metro Area",Washington,DC,District of Columbia,South,38.9072,-77.0369,0.0658152944873796,379052,5968778.5,35.483333333333334,37.416666666666664,43488.666666666664,386933.3333333333,0.5518324226640342,0.25394444887955997,0.22231776568689893,0.9169080166460706,0.002918603865095681,0.6769478880812884,1.0303641296840407,0.08123365051436683,0.17101282392480582
"Miami-Fort Lauderdale-West Palm Beach, FL Metro Area",Miami,FL,Florida,South,25.77427,-80.19366,0.07011211515224693,397759,5887846.333333333,38.949999999999996,41.88333333333333,24764.5,215400,0.711703300227661,0.21298749927746644,0.392839962591868,0.9085514494744545,0.005250420088522465,0.45034214264763145,1.081037491257119,0.1634839428270858,0.1341226126882048
"Philadelphia-Camden-Wilmington, PA-NJ-DE-MD Metro Area",Philadelphia,PA,Pennsylvania,Northeast,39.95234,-75.16379,0.012795760755550943,76682,6037765.833333333,36.733333333333334,39.949999999999996,31649,239633.33333333334,0.6770811057456545,0.20905160973588605,0.10231935957547211,0.9113353047545221,0.004341699792652332,0.7950989045478881,0.9680856414889564,0.12701897597607506,0.14299364872685386
"Atlanta-Sandy Springs-Roswell, GA Metro Area",Atlanta,GA,Georgia,South,33.749,-84.38798,0.07441418536965513,400287,5577216,34.583333333333336,36.81666666666666,29887.166666666668,177100,0.5529203100615074,0.33167799728992625,0.1349094841105909,0.9171458650319196,0.0059223693924232695,0.7680425741684261,1.0742224339240365,0.14466958066533553,0.15025211503373725
"Boston-Cambridge-Newton, MA-NH Metro Area",Boston,MA,Massachusetts,Northeast,42.35843,-71.05977,0.04505679283483752,207454,4710371.833333333,37.21666666666667,40.03333333333333,35839.166666666664,380383.3333333333,0.7752039108306772,0.07856573672474759,0.17607360862629706,0.9141926011952938,0.0023335029708022696,0.7210281806839666,0.9692172970096727,0.09844205151390915,0.17234456826851358
"Phoenix-Mesa-Scottsdale, AZ Metro Area",Phoenix,AZ,Arizona,West,33.44838,-112.07404,0.0949666247997734,405345,4455761.833333333,34.76666666666666,36.96666666666667,29195.666666666668,194550,0.7912323710000808,0.05170167121813925,0.14375068894877724,0.9168400605473914,0.006224113339989634,0.6895524151107568,1.00876428840924,0.159526591992069,0.1240087974480683
"San Francisco-Oakland-Hayward, CA Metro Area",San Francisco,CA,California,West,37.77493,-122.41942,0.061437349425776604,270492,4548407.5,37.71666666666667,39.65,38529,657883.3333333334,0.5238935458912451,0.07737066947790701,0.30176620425207434,0.9133199492022929,0.0018984666611335946,0.5582290798116337,0.8520835416671259,0.10511869630561173,0.19684721154235482
"Riverside-San Bernardino-Ontario, CA Metro Area",Riverside,CA,California,West,33.9806,-117.3755,0.0544298454092144,233256,4408216,32.56666666666666,34.65,25104,264450,0.6290715639463523,0.0734975705969641,0.21520599262831042,0.9241195575169984,0.004430023392683117,0.5510468029092344,1.103172433259421,0.16957082714035188,0.08103036088370746
"Detroit-Warren-Dearborn, MI Metro Area",Detroit,MI,Michigan,Midwest,42.33143,-83.04575,0.005000116395465232,21479,4300547.666666667,38.28333333333333,41.06666666666667,28049.666666666668,137066.66666666666,0.6994218875843952,0.2243476276626163,0.09267649089344666,0.9111060657245323,0.005452367578299911,0.8207424434236786,0.9904362756863543,0.160531104449255,0.12028285854755086
"Seattle-Tacoma-Bellevue, WA Metro Area",Seattle,WA,Washington,West,47.60621,-122.33207,0.0870531765425603,305089,3648675.6666666665,36.166666666666664,37.9,36352.666666666664,343266.6666666667,0.7127227531962054,0.05553695418438124,0.17476162812315374,0.9168008127438537,0.0034736804504501956,0.7269296430567913,0.9509490569966542,0.10688969614271918,0.1738649557506116
"Minneapolis-St. Paul-Bloomington, MN-WI Metro Area",Minneapolis,MN,Minnesota,Midwest,44.97997,-93.26384,0.049049729136459726,166337,3474480,35.75,37.550000000000004,35177.666666666664,222866.66666666666,0.804153523213066,0.07682243098247796,0.10028709332043932,0.9192137513273032,0.0031140391271979304,0.8051741555570906,1.11487431753135,0.09769716139777271,0.17579537081807925
"San Diego-Carlsbad, CA Metro Area",San Diego,CA,California,West,32.71533,-117.15726,0.05243916622719879,164568,3230726.3333333335,33.81666666666666,36.61666666666667,30639,451716.6666666667,0.70959708853912,0.05032433883030843,0.2347172911272068,0.9172950282455347,0.002608856068382559,0.5842550472912231,1.11073982992269,0.13550224361312352,0.14852996421135017
"Tampa-St. Petersburg-Clearwater, FL Metro Area",Tampa,FL,Florida,South,27.94752,-82.45843,0.07477402605878675,210806,2915817.3333333335,40.533333333333324,43.133333333333326,26406.666666666668,153966.66666666666,0.7887551712201449,0.11949148163373745,0.12966587298792837,0.9106451507017815,0.0072297052901805,0.7570392498295503,0.9365543167354732,0.14851393297156704,0.12907318611179575
"Denver-Aurora-Lakewood, CO Metro Area",Denver,CO,Colorado,West,39.73915,-104.9847,0.09562150557474346,248756,2726298.3333333335,35.400000000000006,36.949999999999996,34629.166666666664,287150,0.8160614606251823,0.055670723245621806,0.12201550453942739,0.9164009798899327,0.00275660709667993,0.7475577691118421,1.0693236771271868,0.10909212063487794,0.17780268605966942
"St. Louis, MO-IL Metro Area",St. Louis,MO,Missouri,Midwest,38.62727,-90.19789,0.004807804229535404,13424,2800962.6666666665,37.18333333333334,40.2,29840.666666666668,160316.66666666666,0.7632882289993632,0.18304075931989097,0.04525973689045957,0.9131188655013784,0.005913264582367395,0.8799092050257008,1.041510480032339,0.12457187338448401,0.13392223007137546
"Baltimore-Columbia-Towson, MD Metro Area",Baltimore,MD,Maryland,South,39.29038,-76.61219,0.021655101380958025,59206,2770571.8333333335,36.68333333333334,39.68333333333333,35908.5,282533.3333333333,0.6137052573563183,0.28937943075650263,0.09791300002989756,0.9108953828390405,0.004976469659001201,0.8270941179351,1.061692990618241,0.10503746188136491,0.1445944582679713
"Charlotte-Concord-Gastonia, NC-SC Metro Area",Charlotte,NC,North Carolina,South,35.22709,-80.84313,0.093663836315145,211804,2363388.1666666665,35.81666666666667,38.016666666666666,28413.166666666668,171800,0.6857219603296935,0.2210952933461558,0.09546731955231787,0.9194064725819875,0.0047108921097669875,0.8112193306657414,1.068566322504405,0.14010429518243195,0.14776441364653808
"Orlando-Kissimmee-Sanford, FL Metro Area",Orlando,FL,Florida,South,28.53834,-81.37924,0.12224169778456445,266898,2309607,35.48333333333334,38.01666666666667,25218.833333333332,170633.33333333334,0.7120570729132705,0.1620381735940357,0.16926869665127733,0.9179689373722202,0.0062507748432236885,0.6503942012645442,1.1236059378150427,0.1540778005377827,0.13240751925904856
"San Antonio-New Braunfels, TX Metro Area",San Antonio,TX,Texas,South,29.4241,-98.4936,0.10647942923961247,233480,2309117.3333333335,33.03333333333333,35.70000000000001,26170.833333333332,143650,0.7979159280486974,0.06602154762743397,0.1178259744849114,0.9179497596922153,0.0035655759949833644,0.5835381253904811,1.1311309041283624,0.15539906157504338,0.11042632163054512
"Portland-Vancouver-Hillsboro, OR-WA Metro Area",Portland,OR,Oregon,West,45.5051,-122.675,0.06960126798699987,157340,2336832.8333333335,36.73333333333333,38.31666666666666,30698.333333333332,290766.6666666667,0.8181307648806999,0.02835262000270023,0.12534187119503698,0.917197149776401,0.0033063982539900693,0.7711042231875522,0.9423353919522989,0.12742004010128521,0.15853680020044222
"Pittsburgh, PA Metro Area",Pittsburgh,PA,Pennsylvania,Northeast,40.44062,-79.99589,-0.007972456551065694,-18805,2353245.8333333335,40.98333333333333,44.666666666666664,28300,135366.66666666666,0.8720654981860161,0.08181260280569921,0.036055944006416665,0.9122553985460851,0.005050683541703922,0.9004001919334819,0.9160122060206805,0.11734636025772911,0.14111367455234702
"Sacramento--Roseville--Arden-Arcade, CA Metro Area",Sacramento,CA,California,West,38.58157,-121.4944,0.05396290748578574,117337,2232605.5,35.41666666666667,38.1,29627,308183.3333333333,0.6619534888720824,0.07103270147816083,0.18054645122033428,0.9152784170785612,0.003442987725925307,0.6767229290321704,0.9669604737210147,0.15235733914179345,0.13553835044599982
"Cincinnati, OH-KY-IN Metro Area",Cincinnati,OH,Ohio,Midwest,39.162,-84.45689,0.02161389393953668,45885,2144359.5,36.2,38.88333333333333,29298.833333333332,156233.33333333334,0.824248841359545,0.12187275501146147,0.04364100329259157,0.9166587317420404,0.004742286294190254,0.8788612637013523,1.0615197893665032,0.13341769418793817,0.1313106159049668
"San Juan-Carolina-Caguas, PR Metro Area",San Juan,PR,NA,South,18.4655,-66.1057,-0.07847290208135828,-182436,2242102.6666666665,36.98333333333333,40.76666666666667,13886.166666666666,131966.66666666666,0.677796719983682,0.10752139212179997,0.038598217625478944,0.9004268479369086,0.008300170018976235,0.05234907470784865,0.7485773504768918,0.4068723882403244,0.12622645290700338
"Las Vegas-Henderson-Paradise, NV Metro Area",Las Vegas,NV,Nevada,West,36.17497,-115.13722,0.08328540536439166,164649,2056712.1666666667,35.949999999999996,37.13333333333333,28221.666666666668,189300,0.6330802406073187,0.1092150068316965,0.22004723882526747,0.9106151290673206,0.005470138302450845,0.6162729138974478,1.0589988294892403,0.1485805865072839,0.10210592585755598
"Kansas City, MO-KS Metro Area",Kansas City,MO,Missouri,Midwest,39.11417,-94.62746,0.04015954203260065,81335,2064575,35.8,38.18333333333333,31217.333333333332,163133.33333333334,0.7884717193611276,0.12477951475081635,0.0649033497612503,0.916378832149912,0.004160662606105372,0.8414723772850747,1.0973141408199247,0.11853698703122918,0.14784326071951853
"Cleveland-Elyria, OH Metro Area",Cleveland,OH,Ohio,Midwest,41.4993,-81.6944,-0.004441890616210318,-9199,2064849.6666666667,39.4,42.63333333333333,27635,141666.66666666666,0.740805827833471,0.19964302485943689,0.057233464453990114,0.9066235652046879,0.005307811755141496,0.8501378389290325,0.9607929649315289,0.14900447151196963,0.12461092809177875
"Austin-Round Rock, TX Metro Area",Austin,TX,Texas,South,30.26715,-97.74306,0.15505838278998357,276319,1917949.6666666667,33.18333333333334,34.31666666666667,32821.333333333336,220433.33333333334,0.7781856110579196,0.07263833305323097,0.14762144435837646,0.9165928010049543,0.0033582737398913315,0.6705859851379485,1.1295632299595313,0.1316827222959796,0.17883481127155057
"Columbus, OH Metro Area",Columbus,OH,Ohio,Midwest,39.9612,-82.9988,0.06635718668786166,127820,1986594.3333333333,34.71666666666667,36.68333333333334,30114,162833.33333333334,0.7727451653860552,0.14712347748231774,0.07278243184357551,0.9139734416355242,0.004154513679441013,0.844930343940375,1.0948980882160548,0.14124507553379043,0.14634467395876663
"Indianapolis-Carmel-Anderson, IN Metro Area",Indianapolis,IN,Indiana,Midwest,39.76838,-86.15804,0.05005871445421711,95702,1959824.6666666667,35.13333333333334,37.23333333333334,29296.166666666668,145016.66666666666,0.7755216708161308,0.14753811310331502,0.06403157833506876,0.9156325948827615,0.004907156660612836,0.8465943552093265,1.0949238179986058,0.137765810342898,0.13682023255821862
"San Jose-Sunnyvale-Santa Clara, CA Metro Area",San Jose,CA,California,West,37.33939,-121.89496,0.06063887240054316,113293,1931184.3333333333,35.78333333333333,37.71666666666666,39814.333333333336,738983.3333333334,0.4848617937904426,0.02524797822683248,0.3740735607320758,0.9280685831546284,0.0012911765888738741,0.45267247921957393,1.1668475189829863,0.09138304249568444,0.177362923925957
"Nashville-Davidson--Murfreesboro--Franklin, TN Metro Area",Nashville,TN,Tennessee,South,36.16589,-86.78444,0.0948753173816797,161535,1780680.6666666667,35.300000000000004,37.133333333333326,28912.166666666668,186016.66666666666,0.779117985219884,0.15187301035821132,0.07641834339752476,0.9189422491979606,0.004058279586719835,0.837601520167756,1.1119082791870025,0.13217951113076234,0.14241099190159867
"Virginia Beach-Norfolk-Newport News, VA-NC Metro Area",Virginia Beach,VA,Virginia,South,36.8529,-75.978,0.019998957492960115,33763,1707858.5,33.65,37.53333333333333,30403,237100,0.5989629702929136,0.3074908333057647,0.06367887035137865,0.9145354164293593,0.004866133035416381,0.8524462067554192,1.1291156329799392,0.11626919521338175,0.12243676315494913
"Providence-Warwick, RI-MA Metro Area",Providence,RI,Rhode Island,Northeast,41.82399,-71.41283,0.008710854695251208,13951,1608389.1666666667,38.4,41.61666666666667,28892.333333333332,256583.33333333334,0.8302738713215655,0.05499860885658374,0.13044966832757618,0.9094471449420254,0.00402048219051463,0.7452888423044381,1.0486549223750588,0.1277417830572721,0.12697952972617013
"Milwaukee-Waukesha-West Allis, WI Metro Area",Milwaukee,WI,Wisconsin,Midwest,43.0389,-87.90647,0.009794818857365113,15286,1569788.8333333333,36.11666666666667,38.65,29941.333333333332,197216.66666666666,0.7399080109819441,0.16580011345475024,0.07077385036819708,0.9091165625354236,0.0031902380075961388,0.819420828682584,1.027929399683939,0.14609873748411809,0.14730155319192084
"Jacksonville, FL Metro Area",Jacksonville,FL,Florida,South,30.3322,-81.6557,0.08197065143259437,111776,1415595.3333333333,36.5,39.28333333333333,28425.833333333332,167733.33333333334,0.7032551204605083,0.2145431863060677,0.08485216820437856,0.9163178256999586,0.005817340454640286,0.8284947722819092,1.043159863376042,0.14073819589685002,0.13259886417634417
"Oklahoma City, OK Metro Area",Oklahoma City,OK,Oklahoma,South,35.46756,-97.51643,0.07194149456500473,91929,1325762.3333333333,33.61666666666667,35.86666666666667,27594.166666666668,140283.33333333334,0.7404831484376159,0.10134005919110188,0.08039399721468428,0.9159670476075705,0.004620486276197821,0.8084145046610919,1.1009828141423474,0.14736439688662145,0.12283285063411317
"Memphis, TN-MS-AR Metro Area",Memphis,TN,Tennessee,South,35.14953,-90.04898,0.010556102380678879,14060,1340111.5,34.083333333333336,37.166666666666664,26052.666666666668,136450,0.47505872956591044,0.4626274256532635,0.051111543081800784,0.9050990366062566,0.004650856788160289,0.8591033905263356,1.0694211689583273,0.1876719462024864,0.10953018958994583
"Raleigh, NC Metro Area",Raleigh,NC,North Carolina,South,35.7721,-78.63861,0.12036150681738625,139943,1231552.6666666667,34.88333333333333,36.81666666666667,32959,216716.66666666666,0.6880456865019712,0.1999428634531261,0.11834992575767499,0.9244641530304569,0.00408657580755783,0.7887537899313007,1.1278686452534885,0.11354447421114484,0.1864743637976776
"Louisville/Jefferson County, KY-IN Metro Area",Louisville,KY,Kentucky,South,38.25424,-85.75941,0.03244489428699955,40390,1265524,37.35,40.01666666666666,27769.833333333332,152216.66666666666,0.8058916043209505,0.1400850556765419,0.05148749977611382,0.9123863918516371,0.005413041027537473,0.8742005946416925,1.0427877203949294,0.13801345002807797,0.11297480990746388
"Richmond, VA Metro Area",Richmond,VA,Virginia,South,37.5407,-77.436,0.048947843588881004,59801,1251974.6666666667,36.766666666666666,39.76666666666666,31134.333333333332,218416.66666666666,0.6192604003701885,0.298969574464233,0.07380234530837153,0.9140340391369935,0.003748478403716369,0.8480428517722935,1.1006180621578407,0.11886901864893964,0.14596341672515203
"New Orleans-Metairie, LA Metro Area",New Orleans,LA,Louisiana,South,29.95465,-90.07507,0.044983663279136714,54396,1241653,36.333333333333336,38.63333333333333,26370.166666666668,179650,0.5812425049510612,0.3481772551053582,0.07366282420826646,0.9040908031821058,0.0052988502692244395,0.8319486201056173,0.988187107251536,0.17940935725735505,0.12220349270958417
"Hartford-West Hartford-East Hartford, CT Metro Area",Hartford,CT,Connecticut,Northeast,41.76371,-72.68509,-0.003720292647643966,-4516,1212902.3333333333,38.78333333333334,42.11666666666667,34754.333333333336,246166.66666666666,0.7668978293663107,0.10984698685549564,0.13010225885183943,0.9134974668551941,0.004335743438534622,0.7478428463737257,1.0784619260713317,0.09988190860104977,0.14448662670558526
"Salt Lake City, UT Metro Area",Salt Lake City,UT,Utah,West,40.76078,-111.89105,0.07093515279465865,78556,1146913.1666666667,31.400000000000002,32.36666666666667,29159.333333333332,243066.66666666666,0.8227610663347225,0.016279930520749972,0.11947809475259605,0.9282642177985115,0.0030813143511736357,0.7372245123468371,1.2106339695879778,0.11200746234930019,0.1273845346327439
"Birmingham-Hoover, AL Metro Area",Birmingham,AL,Alabama,South,33.52066,-86.80249,0.01313569726422077,14872,1139775.3333333333,36.75,39.63333333333333,26347.5,148616.66666666666,0.6644910429716266,0.2854926672683447,0.03960444251293969,0.9142607736487771,0.006148433931131457,0.8811464598578785,1.016884104826747,0.15815821597589702,0.12150610968360434
"Buffalo-Cheektowaga-Niagara Falls, NY Metro Area",Buffalo,NY,New York,Northeast,42.8864,-78.8784,-0.0027540440382657896,-3125,1134973.1666666667,38.98333333333333,42.56666666666666,28128.166666666668,129100,0.8039361870376083,0.12182520027272305,0.06164477603655534,0.9056702577274235,0.00456941786729466,0.8607494244724434,0.967188948168658,0.1414197898070718,0.11736239285539644
"Rochester, NY Metro Area",Rochester,NY,New York,Northeast,43.1566,-77.6088,-0.005974326766722843,-6459,1080734.3333333333,38.1,41.26666666666667,28073.333333333332,134833.33333333334,0.8130115541809073,0.11507360890110829,0.06793621497481805,0.9106704676044984,0.003110385130110607,0.8405659670292083,1.0016995695844872,0.13651427748355055,0.1253393140404842
"Grand Rapids-Wyoming, MI Metro Area",Grand Rapids,MI,Michigan,Midwest,42.96336,-85.66809,0.05157991262528581,51524,1023652.8333333334,34.61666666666667,36.48333333333333,26604,147466.66666666666,0.8514395424099674,0.06478482206776809,0.06496717555772896,0.9252964046874367,0.0035985507456385356,0.8382576645044211,1.11556166505256,0.12950451788912157,0.13090440655580332
"Tucson, AZ Metro Area",Tucson,AZ,Arizona,West,32.22174,-110.92648,0.03326709839283163,32831,1001481.5,36.5,39.71666666666666,24799.666666666668,164950,0.7772691424321534,0.03535112730489779,0.12865556344941637,0.9093049122152852,0.006008265421444796,0.6717541295903453,0.871757150968645,0.18276872812927647,0.11828842236892709
"Urban Honolulu, HI Metro Area",Honolulu,HI,Hawaii,West,21.30694,-157.85833,0.02380068789793071,22960,981540.5,35.516666666666666,39.25,32993.333333333336,596633.3333333334,0.21305318866957945,0.0241365486192368,0.19372659610072127,0.9208252106526608,0.001763893933396873,0.6752319440715895,1.1087848469713812,0.09118710163598275,0.1488400122053038
"Tulsa, OK Metro Area",Tulsa,OK,Oklahoma,South,36.15398,-95.99278,0.04169054410965509,39431,966039.6666666666,35.46666666666666,38.06666666666666,27308.833333333332,134400,0.7200639449242768,0.0798455826003004,0.061409486635987,0.9169196660497254,0.005203720068085541,0.8381664106960411,1.0393329014447474,0.14570882010020983,0.1199464204195894
"Fresno, CA Metro Area",Fresno,CA,California,West,36.7378,-119.7871,0.041001271811026974,38525,959684,30.633333333333336,32.4,21562.833333333332,207450,0.6121480265031684,0.05009096744345014,0.21454475292561578,0.9155600508806043,0.002403221616004157,0.511546509059232,1.0163344671265349,0.2564679276372917,0.07936570787884345
"Bridgeport-Stamford-Norwalk, CT Metro Area",Bridgeport,CT,Connecticut,Northeast,41.16704,-73.20483,0.019557713879768915,18115,938954.1666666666,38.28333333333334,41.31666666666667,36668.5,420666.6666666667,0.7395476350017085,0.11239828000124252,0.21042241145955828,0.9230113389494278,0.004298754376544827,0.6691450150655206,1.0308264497692237,0.08767272097945854,0.17430882764068178
"Worcester, MA-CT Metro Area",Worcester,MA,Massachusetts,Northeast,42.26259,-71.80229,0.019564445380825215,18015,929723,38.599999999999994,41.083333333333336,31523.5,249616.66666666666,0.8558986565532601,0.043320788378187196,0.10792103311057882,0.9178884997050322,0.0037568537438928944,0.7760117798527089,1.1186606485839377,0.1083799511610806,0.1388239651308329
"Omaha-Council Bluffs, NE-IA Metro Area",Omaha,NE,Nebraska,Midwest,41.25861,-95.93779,0.05310176811908416,46536,900057.6666666666,34.166666666666664,36.2,31397.833333333332,152166.66666666666,0.8445877356747141,0.07679359803982931,0.07013309887921997,0.9186129985555878,0.0034662593841209436,0.8228054276522283,1.1679939990973627,0.11458821342188075,0.14791718900974124
"Albuquerque, NM Metro Area",Albuquerque,NM,New Mexico,West,35.08449,-106.65114,0.018775448059370314,16771,902442.6666666666,35.96666666666667,38.63333333333333,26687.5,179800,0.7276755901021229,0.026467424708051628,0.09511278278804784,0.9076915266529675,0.005032267977873386,0.6535469658644981,0.9798356098150611,0.18037821793295827,0.1154595970639686
"Greenville-Anderson-Mauldin, SC Metro Area",Greenville,SC,South Carolina,South,34.8526,-82.394,0.05942390836616615,49576,858017.5,37.06666666666667,39.58333333333333,24391.5,143650,0.7812414470955819,0.1665041796933046,0.0575023236705545,0.9195598746662957,0.005158402946326852,0.8620779879198268,1.0261811692682736,0.15476063522402905,0.11484031502853963
"Bakersfield, CA Metro Area",Bakersfield,CA,California,West,35.37329,-119.01871,0.04108563505949041,34849,867467.3333333334,30.583333333333332,31.75,22166.833333333332,177050,0.7423714706644092,0.05560267014857812,0.20256824272345317,0.9200395930740183,0.0036758348633301077,0.518761321271656,1.0310462508075826,0.22061080494097374,0.06151855093870969
"Albany-Schenectady-Troy, NY Metro Area",Albany,NY,New York,Northeast,42.6526,-73.7562,0.008294416871460014,7243,878047.5,38.449999999999996,41.35,32335.333333333332,200550,0.8393186777101087,0.07759356223135232,0.07289468963808905,0.9109503738874851,0.0038921584538421897,0.8597435408297007,1.0419287251954559,0.10689133180911815,0.13280526774842286
"Knoxville, TN Metro Area",Knoxville,TN,Tennessee,South,35.96064,-83.92074,0.02992049976994265,25231,855215.3333333334,38.916666666666664,41.71666666666667,24658.5,153850,0.8994806766015264,0.05830363970711469,0.03874852571243266,0.9174247535072714,0.005593523034744466,0.8972549213726289,0.9779770158997597,0.15654634349399724,0.11601132814113871
"New Haven-Milford, CT Metro Area",New Haven,CT,Connecticut,Northeast,41.30815,-72.92816,-0.003793135028419531,-3272,861720.5,38.18333333333334,41.21666666666666,32163.833333333332,247933.33333333334,0.7476958402792244,0.12841866939454266,0.11932175223868992,0.9099926560139001,0.0041744007095881625,0.7414198300570389,1.0428918306679364,0.12084293379736623,0.12621416495642537
"McAllen-Edinburg-Mission, TX Metro Area",McAllen,TX,Texas,South,26.2034,-98.23,0.07429747320545478,58743,822262,27.450000000000003,30.133333333333336,17075.166666666668,80666.66666666667,0.8967715480791605,0.005846271220932825,0.28208283977612975,0.931520076362134,0.003503141334513817,0.1392368450283081,1.0992413133285361,0.3280700068834508,0.06741971131666874
"Oxnard-Thousand Oaks-Ventura, CA Metro Area",Oxnard,CA,California,West,34.1975,-119.17705,0.023033303297761085,19095,840782.6666666666,35.849999999999994,38.53333333333333,30659.333333333332,484416.6666666667,0.7867342254121953,0.01778779137533758,0.2262503032888404,0.9268676555481503,0.001883364230470974,0.5769083013129037,1.2093802106431526,0.1047878801814817,0.1325185898218644
"El Paso, TX Metro Area",El Paso,TX,Texas,South,31.75872,-106.48693,0.031042038978012245,25343,832565.3333333334,29.833333333333332,33.449999999999996,20659.5,114533.33333333333,0.8160128374309763,0.034159481378037995,0.2553995762494715,0.9184748938773949,0.003746052361856687,0.25574689633966663,1.1082832995525642,0.22134579228216725,0.0879226294953429
"Allentown-Bethlehem-Easton, PA-NJ Metro Area",Allentown,PA,Pennsylvania,Northeast,40.60843,-75.49018,0.013213051348073582,10884,829394.1666666666,39.666666666666664,42.53333333333334,28835.833333333332,203283.33333333334,0.8446508646371398,0.05412384340778862,0.08546298352311377,0.9212215415465306,0.004587284091902423,0.7916937362914497,1.0610321995445695,0.10711131518688842,0.11914640505670306
"Baton Rouge, LA Metro Area",Baton Rouge,LA,Louisiana,South,30.45075,-91.15455,0.025748748788352357,20826,821088.6666666666,33.58333333333333,35.93333333333333,27315.333333333332,164150,0.5984753575131553,0.35489163573889304,0.03724425214329269,0.910061381994615,0.0043468711864654485,0.8729536314795073,1.1064115637190868,0.1664706531897083,0.11585695576523201
"Columbia, SC Metro Area",Columbia,SC,South Carolina,South,34.0007,-81.0348,0.05132634907066738,39870,796603.6666666666,34.51666666666667,37.8,26518.833333333332,142850,0.6043595079276144,0.3316988247187748,0.049543876063839365,0.9110826999971169,0.005794391271945773,0.8699120976512369,1.0527860879670183,0.15239092129042842,0.1262160480473142
"Dayton, OH Metro Area",Dayton,OH,Ohio,Midwest,39.75895,-84.19161,9.440221078255318e-4,757,801517.8333333334,37.56666666666666,40.98333333333333,26475.333333333332,124633.33333333333,0.7879635449991027,0.15498968935396945,0.04034262494055549,0.908001571902347,0.005816880348056302,0.8888602395413535,0.9561085871766075,0.15681934296741576,0.10841992078778866
"North Port-Sarasota-Bradenton, FL Metro Area",North Port,FL,Florida,South,27.04422,-82.23593,0.10302828731049522,73416,746155.3333333334,49.38333333333333,52.35,27321.5,190033.33333333334,0.8823759217249669,0.06602222236120629,0.1234836714071154,0.9188481549526698,0.008389227265457684,0.8162120845257421,0.8039403819432016,0.12340772654130104,0.1406266612939397
"Charleston-North Charleston, SC Metro Area",Charleston,SC,South Carolina,South,32.7765,-79.9311,0.11179170132258708,76343,720688.3333333334,34.93333333333333,37.53333333333333,28498.833333333332,198033.33333333334,0.6745185736784046,0.2666226501053391,0.05033313059505611,0.9145296740361131,0.005756996205016963,0.8704520909408365,1.0704282385814157,0.1443881196911286,0.14449681207549261
"Greensboro-High Point, NC Metro Area",Greensboro,NC,North Carolina,South,36.07264,-79.79198,0.037609777337192715,27468,743875.5,37.35,39.56666666666667,25269.666666666668,141983.33333333334,0.647325616540223,0.2627682096444006,0.08557502790005406,0.9108450104897617,0.005504953449871652,0.8308007634790141,0.9996731575038588,0.16989514150329366,0.12410499696073694
"Little Rock-North Little Rock-Conway, AR Metro Area",Little Rock,AR,Arkansas,South,34.74648,-92.28959,0.03531623926804962,25055,723533.1666666666,35.016666666666666,37.48333333333334,26956.333333333332,141433.33333333334,0.7187452130160354,0.22779444112098987,0.04030384232558794,0.9130971094686917,0.007762601990832487,0.8755166487415114,1.0691208781300063,0.14816298446581233,0.1219944075357983
"Stockton-Lodi, CA Metro Area",Stockton,CA,California,West,37.9577,-121.29078,0.05631317830799348,39035,712334.3333333334,32.5,34.68333333333333,24866,247350,0.5700544173311876,0.07049147801851471,0.23220416630205945,0.9216006995811122,0.0023998562472771446,0.5495425135107438,1.0428886114930966,0.17446582901381044,0.07671280760953542
"Cape Coral-Fort Myers, FL Metro Area",Cape Coral,FL,Florida,South,26.56285,-81.94953,0.1336203089114908,84711,674168.5,45.71666666666667,48.46666666666666,25474.333333333332,170966.66666666666,0.8457151290812311,0.08557158435415874,0.15735927541358974,0.9242452982076708,0.009463756711662837,0.7443205964087614,0.8692408625237835,0.15074075200289938,0.1222367504068592
"Colorado Springs, CO Metro Area",Colorado Springs,CO,Colorado,West,38.83388,-104.82136,0.08296652420028007,54567,684106.1666666666,32.75,35.916666666666664,30282.666666666668,228483.33333333334,0.807200003313326,0.05860883678629803,0.06917688458199836,0.9245844554720155,0.0039966993427189785,0.8240373022023629,1.0571426708313498,0.11187420471042872,0.1412107818547657
"Akron, OH Metro Area",Akron,OH,Ohio,Midwest,41.08144,-81.51901,-7.44703033707387e-4,-525,703793.3333333334,38.71666666666667,41.31666666666667,26985.833333333332,139783.33333333334,0.8238301490020744,0.11974088037207892,0.04500397844064072,0.911925089183045,0.004782653998806468,0.8918524851045287,1.0490690554684718,0.14136086351106858,0.12930737242940635
"Boise City, ID Metro Area",Boise,ID,Idaho,West,43.6135,-116.20345,0.10332196016954812,64986,659160.3333333334,34.61666666666667,36.11666666666667,26319.333333333332,180333.33333333334,0.9058891084162123,0.008838264438444666,0.06633287500613154,0.928125938448876,0.004421028571197396,0.8236122116976092,1.0355366259217653,0.14270048612350764,0.13254059078190888
"Lakeland-Winter Haven, FL Metro Area",Lakeland,FL,Florida,South,28.03947,-81.9498,0.09565210267165879,58376,635485.3333333334,39.15,41.483333333333334,23624.5,115450,0.7849903171119605,0.15027333439638785,0.10010223157523698,0.9194845653422486,0.008364735404331388,0.7515549795012316,0.9615420429513982,0.17338218138787362,0.08814417956669338
"Winston-Salem, NC Metro Area",Winston-Salem,NC,North Carolina,South,36.09986,-80.24422,0.02723787349631354,17548,653084.5,38.833333333333336,41.333333333333336,25585.333333333332,144000,0.7620769849332922,0.17664380847093036,0.06841432208746852,0.9164495270405701,0.006437655974584197,0.8360809359278929,0.9736319559065308,0.17139997453111608,0.11597299685824217
"Syracuse, NY Metro Area",Syracuse,NY,New York,Northeast,43.04812,-76.14742,-0.010777561880701924,-7133,660101.1666666666,37.7,40.43333333333333,28310.166666666668,127883.33333333333,0.8475284217797929,0.08258456342676766,0.05857915213501365,0.9094137103573513,0.004911873356785968,0.86284930567461,0.9842758933782995,0.14544992724600045,0.11454229111850785
"Ogden-Clearfield, UT Metro Area",Ogden,UT,Utah,West,41.223,-111.97383,0.07783074558006899,47135,628544,30.333333333333332,31.71666666666667,28992.166666666668,209733.33333333334,0.8969411847062417,0.011287462240776567,0.054628633794929236,0.9413214490980994,0.0033564343413773207,0.8154181197603775,1.21281610027198,0.09169975901978754,0.1199388321793436
"Madison, WI Metro Area",Madison,WI,Wisconsin,Midwest,43.0731,-89.4012,0.05417096213635083,33262,630604.5,34.9,37.01666666666667,32675.333333333332,224566.66666666666,0.8662220139564497,0.04342077059921604,0.07098611993201233,0.9147064358901154,0.0036599802253234792,0.842898097513312,1.0363852034316894,0.11658971669247524,0.17390297722264905
"Wichita, KS Metro Area",Wichita,KS,Kansas,Midwest,37.69224,-97.33754,0.016974187229471423,10745,639101.3333333334,34.48333333333333,36.699999999999996,28105.5,126350,0.8216185331069042,0.07549402702962076,0.07284264780128764,0.915862290642247,0.00536143459774767,0.8160607290236707,1.0935467545701372,0.13840971489132656,0.12497418249792415
"Deltona-Daytona Beach-Ormond Beach, FL Metro Area",Deltona,FL,Florida,South,28.90054,-81.26367,0.06941737186409667,41204,611344.3333333334,45.11666666666667,48.43333333333334,23715,150283.33333333334,0.825316120266102,0.10567421633089481,0.0821190240306472,0.9183948423700735,0.008918868962554108,0.824220720128809,0.8414226296813703,0.15925722165304548,0.10644028760660249
"Des Moines-West Des Moines, IA Metro Area",Des Moines,IA,Iowa,Midwest,41.60054,-93.60911,0.09173146409186918,53288,606985,34.65,36.4,33416.5,164083.33333333334,0.872998234442916,0.04915497637228817,0.07654170476480747,0.9222303322246003,0.0040786290710094425,0.8262661625355926,1.175640533321286,0.10558525608815154,0.16524406149520443
"Springfield, MA Metro Area",Springfield,MA,Massachusetts,Northeast,42.1015,-72.5898,0.009391250314296194,5864,628292.1666666666,36.449999999999996,39.599999999999994,25665,216400,0.8173185351931546,0.07181558049028676,0.08729378290832318,0.9047414470065491,0.0029489995763648177,0.7441853617465123,1.0141117261070103,0.15656251218581166,0.11155319725191545
"Toledo, OH Metro Area",Toledo,OH,Ohio,Midwest,41.66394,-83.55521,-0.007904016329825724,-4817,607070.5,35.716666666666676,38.800000000000004,24929.666666666668,118400,0.7850625805953894,0.142376928764177,0.03380798990122783,0.9063497546780153,0.005091940172791573,0.8814698347775644,0.9901080833951663,0.17895532726429633,0.10168313784532987
"Provo-Orem, UT Metro Area",Provo,UT,Utah,West,40.23384,-111.65853,0.11458553419254877,61826,569325.8333333334,24.399999999999995,24.733333333333334,22628,240066.66666666666,0.9188004525820743,0.005896154955202864,0.07074156421849818,0.953733869055546,0.002326728542969682,0.7767505719484009,1.2560076568865963,0.12429232820689966,0.12681402418942872
"Augusta-Richmond County, GA-SC Metro Area",Augusta,GA,Georgia,South,33.47097,-81.97484,0.041688576656921106,23784,582524.3333333334,35.400000000000006,38.550000000000004,24465.166666666668,130433.33333333333,0.5858730937133956,0.35531763193869437,0.043806181487125284,0.911515303879808,0.007777929734551861,0.8741963855014926,1.0195642687057083,0.1828281279236976,0.10095658378791615
"Jackson, MS Metro Area",Jackson,MS,Mississippi,South,32.29876,-90.18481,0.014686621867136694,8399,576814.8333333334,34.23333333333333,36.95,25469.5,135000,0.4808741337847009,0.48814047488954426,0.02457287708447165,0.9076310581525093,0.00476727222398638,0.8968100392702568,1.0782384479875697,0.18530238906824228,0.116117852956278
"Palm Bay-Melbourne-Titusville, FL Metro Area",Palm Bay,FL,Florida,South,28.03446,-80.58866,0.057069604722294,31141,558970.5,45.13333333333333,48.03333333333333,25880.666666666668,152650,0.8307471801582851,0.10153308627199467,0.08668018556733614,0.9164269136011729,0.006664633166389521,0.8540650475591587,0.8811984530909188,0.13419253192550712,0.12548903147244206
"Harrisburg-Carlisle, PA Metro Area",Harrisburg,PA,Pennsylvania,Northeast,40.2737,-76.88442,0.028209715150681162,15580,559995.1666666666,38.800000000000004,41.583333333333336,31098.833333333332,173016.66666666666,0.815575193952567,0.1041616132996386,0.0597865279194374,0.9161609155540142,0.004523253325698347,0.8518665786103512,1.0371232432095967,0.10441637740325735,0.12867730108384864
"Durham-Chapel Hill, NC Metro Area",Durham,NC,North Carolina,South,35.99403,-78.89862,0.08067562180968192,41693,537862.1666666666,35.166666666666664,37.25000000000001,28988.333333333332,203933.33333333334,0.6199590167617293,0.26766646845396885,0.12161820887817296,0.9105544632324026,0.00454112624268981,0.7816187728392622,0.9635155328352341,0.15657264113203725,0.15605020245273496
"Scranton--Wilkes-Barre--Hazleton, PA Metro Area",Scranton,PA,Pennsylvania,Northeast,41.40897,-75.66241,-0.011278602610784354,-6353,560398.3333333334,40.79999999999999,44.333333333333336,24928.5,134133.33333333334,0.9128286724621474,0.0342893001704145,0.05260157209603882,0.9089348807755361,0.006422217529792796,0.8601634551613584,0.9616818668734131,0.14469350670207798,0.10388711600974307
"Spokane-Spokane Valley, WA Metro Area",Spokane,WA,Washington,West,47.65966,-117.42908,0.04715623768388142,25007,541117.5,36.81666666666667,39.75,26268,188983.33333333334,0.8892166057587616,0.016616846926345324,0.05255543697379343,0.9163578481551992,0.004788855162387713,0.8724208081732094,0.8954236394976225,0.15104760056734443,0.11894582353493774
